Insert into JKRAJPOP.CARS (LICENSEPLATE,MAKE,MODEL,YEAR,DATEOFRECENTSERVICE,DATEOFPURCHASE,MILEAGE,TYPEOFRECENTSERVICE,CUSTOMERID) values ('ABC-1234S','Toyota','Prius',2014,to_date('11-NOV-17','DD-MON-RR'),to_date('10-AUG-07','DD-MON-RR'),4664,'A','1004');
Insert into JKRAJPOP.CARS (LICENSEPLATE,MAKE,MODEL,YEAR,DATEOFRECENTSERVICE,DATEOFPURCHASE,MILEAGE,TYPEOFRECENTSERVICE,CUSTOMERID) values ('XYZ-5643','Honda','Civic',2009,to_date('10-SEP-18','DD-MON-RR'),to_date('24-DEC-09','DD-MON-RR'),90452,'C','1001');
Insert into JKRAJPOP.CARS (LICENSEPLATE,MAKE,MODEL,YEAR,DATEOFRECENTSERVICE,DATEOFPURCHASE,MILEAGE,TYPEOFRECENTSERVICE,CUSTOMERID) values ('AHS-3132','Toyota','Prius',2007,to_date('06-AUG-18','DD-MON-RR'),to_date('02-JAN-11','DD-MON-RR'),65452,'R','1001');
Insert into JKRAJPOP.CARS (LICENSEPLATE,MAKE,MODEL,YEAR,DATEOFRECENTSERVICE,DATEOFPURCHASE,MILEAGE,TYPEOFRECENTSERVICE,CUSTOMERID) values ('IRM-1212','Nissan','Altima',2001,to_date('11-FEB-18','DD-MON-RR'),to_date('07-SEP-02','DD-MON-RR'),210452,'A','1002');
Insert into JKRAJPOP.CARS (LICENSEPLATE,MAKE,MODEL,YEAR,DATEOFRECENTSERVICE,DATEOFPURCHASE,MILEAGE,TYPEOFRECENTSERVICE,CUSTOMERID) values ('TSW-3462','Honda','Accord',2015,null,to_date('09-DEC-15','DD-MON-RR'),null,null,'1003');
Insert into JKRAJPOP.CARS (LICENSEPLATE,MAKE,MODEL,YEAR,DATEOFRECENTSERVICE,DATEOFPURCHASE,MILEAGE,TYPEOFRECENTSERVICE,CUSTOMERID) values ('DEL-8888','Nissan','Rogue',2014,to_date('11-FEB-18','DD-MON-RR'),to_date('11-MAY-16','DD-MON-RR'),31209,'A','1003');
Insert into JKRAJPOP.CARS (LICENSEPLATE,MAKE,MODEL,YEAR,DATEOFRECENTSERVICE,DATEOFPURCHASE,MILEAGE,TYPEOFRECENTSERVICE,CUSTOMERID) values ('P11-212A','Honda','Accord',2009,to_date('01-SEP-17','DD-MON-RR'),to_date('14-APR-10','DD-MON-RR'),60452,'B','1004');
Insert into JKRAJPOP.CARS (LICENSEPLATE,MAKE,MODEL,YEAR,DATEOFRECENTSERVICE,DATEOFPURCHASE,MILEAGE,TYPEOFRECENTSERVICE,CUSTOMERID) values ('WIM-BLE5','Toyota','Prius',2013,to_date('11-NOV-16','DD-MON-RR'),to_date('01-MAR-14','DD-MON-RR'),19876,'A','1004');
Insert into JKRAJPOP.CARS (LICENSEPLATE,MAKE,MODEL,YEAR,DATEOFRECENTSERVICE,DATEOFPURCHASE,MILEAGE,TYPEOFRECENTSERVICE,CUSTOMERID) values ('VCD-101','NISSAN','ALTIMA',2014,null,to_date('12-NOV-16','DD-MON-RR'),25,null,'1010');



Insert into JKRAJPOP.CUSTOMER (NAME,ADDRESS,PHONENUMBER,EMAIL,SERVICECENTERID,CUSTOMERID,PASSWORD) values ('Tom Cruise','203, Park St, Raleigh, NC - 27603',1234567890,'ethanhunt@gmail.com','S0001','1001','Tom');
Insert into JKRAJPOP.CUSTOMER (NAME,ADDRESS,PHONENUMBER,EMAIL,SERVICECENTERID,CUSTOMERID,PASSWORD) values ('Robert Downey Jr.','12-A, High St, Raleigh, NC - 27605',9989877791,'jarvis@gmail.com','S0001','1002','Robert');
Insert into JKRAJPOP.CUSTOMER (NAME,ADDRESS,PHONENUMBER,EMAIL,SERVICECENTERID,CUSTOMERID,PASSWORD) values ('Taylor Swift','2A, 3rd Ave, Charlotte, NC - 28134',8179827199,'lovestory@gmail.com','S0002','1003','Taylor');
Insert into JKRAJPOP.CUSTOMER (NAME,ADDRESS,PHONENUMBER,EMAIL,SERVICECENTERID,CUSTOMERID,PASSWORD) values ('Serena Williams','90, Gorman St, Charlotte, NC - 28201',8714791879,'venus@gmail.com','S0003','1004','Williams');



Insert into JKRAJPOP.DIAGNOSTIC (DG_ID,NAME,FEE,SERVICE1,SERVICE2,SERVICE3,SERVICE4,ISSUE,MAKE,MODEL) values ('DG001','Timing Issue',75,'43','85','25','109','Engine Knock','Toyota','Corolla');
Insert into JKRAJPOP.DIAGNOSTIC (DG_ID,NAME,FEE,SERVICE1,SERVICE2,SERVICE3,SERVICE4,ISSUE,MAKE,MODEL) values ('DG002','Timing Issue',75,'44','86','26','110','Engine Knock','Toyota','Prius');
Insert into JKRAJPOP.DIAGNOSTIC (DG_ID,NAME,FEE,SERVICE1,SERVICE2,SERVICE3,SERVICE4,ISSUE,MAKE,MODEL) values ('DG003','Timing Issue',75,'45','87','27','111','Engine Knock','Honda','Civic');
Insert into JKRAJPOP.DIAGNOSTIC (DG_ID,NAME,FEE,SERVICE1,SERVICE2,SERVICE3,SERVICE4,ISSUE,MAKE,MODEL) values ('DG004','Timing Issue',75,'46','88','28','112','Engine Knock','Honda','Accord');
Insert into JKRAJPOP.DIAGNOSTIC (DG_ID,NAME,FEE,SERVICE1,SERVICE2,SERVICE3,SERVICE4,ISSUE,MAKE,MODEL) values ('DG005','Timing Issue',75,'47','89','29','113','Engine Knock','Nissan','Altima');
Insert into JKRAJPOP.DIAGNOSTIC (DG_ID,NAME,FEE,SERVICE1,SERVICE2,SERVICE3,SERVICE4,ISSUE,MAKE,MODEL) values ('DG006','Timing Issue',75,'48','90','30','114','Engine Knock','Nissan','Rogue');
Insert into JKRAJPOP.DIAGNOSTIC (DG_ID,NAME,FEE,SERVICE1,SERVICE2,SERVICE3,SERVICE4,ISSUE,MAKE,MODEL) values ('DG007
','Wheel Alignment Issue',50,'115',null,null,null,'Car Drifts in a particular direction','Toyota','Corolla');
Insert into JKRAJPOP.DIAGNOSTIC (DG_ID,NAME,FEE,SERVICE1,SERVICE2,SERVICE3,SERVICE4,ISSUE,MAKE,MODEL) values ('DG008','Wheel Alignment Issue',50,'116',null,null,null,'Car Drifts in a particular direction','Toyota','Prius');
Insert into JKRAJPOP.DIAGNOSTIC (DG_ID,NAME,FEE,SERVICE1,SERVICE2,SERVICE3,SERVICE4,ISSUE,MAKE,MODEL) values ('DG009','Wheel Alignment Issue',50,'117',null,null,null,'Car Drifts in a particular direction','Honda','Civic');
Insert into JKRAJPOP.DIAGNOSTIC (DG_ID,NAME,FEE,SERVICE1,SERVICE2,SERVICE3,SERVICE4,ISSUE,MAKE,MODEL) values ('DG010','Wheel Alignment Issue',50,'118',null,null,null,'Car Drifts in a particular direction','Honda','Accord');
Insert into JKRAJPOP.DIAGNOSTIC (DG_ID,NAME,FEE,SERVICE1,SERVICE2,SERVICE3,SERVICE4,ISSUE,MAKE,MODEL) values ('DG011','Wheel Alignment Issue',50,'119',null,null,null,'Car Drifts in a particular direction','Nissan','Altima');
Insert into JKRAJPOP.DIAGNOSTIC (DG_ID,NAME,FEE,SERVICE1,SERVICE2,SERVICE3,SERVICE4,ISSUE,MAKE,MODEL) values ('DG012','Wheel Alignment Issue',50,'120',null,null,null,'Car Drifts in a particular direction','Nissan','Rogue');
Insert into JKRAJPOP.DIAGNOSTIC (DG_ID,NAME,FEE,SERVICE1,SERVICE2,SERVICE3,SERVICE4,ISSUE,MAKE,MODEL) values ('DG013','Battery Needs Replacement',25,'7',null,null,null,'Battery Does Not Hold Charge','Toyota','Corolla');
Insert into JKRAJPOP.DIAGNOSTIC (DG_ID,NAME,FEE,SERVICE1,SERVICE2,SERVICE3,SERVICE4,ISSUE,MAKE,MODEL) values ('DG014','Battery Needs Replacement',25,'8',null,null,null,'Battery Does Not Hold Charge','Toyota','Prius');
Insert into JKRAJPOP.DIAGNOSTIC (DG_ID,NAME,FEE,SERVICE1,SERVICE2,SERVICE3,SERVICE4,ISSUE,MAKE,MODEL) values ('DG015','Battery Needs Replacement',25,'9',null,null,null,'Battery Does Not Hold Charge','Honda','Civic');
Insert into JKRAJPOP.DIAGNOSTIC (DG_ID,NAME,FEE,SERVICE1,SERVICE2,SERVICE3,SERVICE4,ISSUE,MAKE,MODEL) values ('DG016','Battery Needs Replacement',25,'10',null,null,null,'Battery Does Not Hold Charge','Honda','Accord');
Insert into JKRAJPOP.DIAGNOSTIC (DG_ID,NAME,FEE,SERVICE1,SERVICE2,SERVICE3,SERVICE4,ISSUE,MAKE,MODEL) values ('DG017','Battery Needs Replacement',25,'11',null,null,null,'Battery Does Not Hold Charge','Nissan','Altima');
Insert into JKRAJPOP.DIAGNOSTIC (DG_ID,NAME,FEE,SERVICE1,SERVICE2,SERVICE3,SERVICE4,ISSUE,MAKE,MODEL) values ('DG018','Battery Needs Replacement',25,'12',null,null,null,'Battery Does Not Hold Charge','Nissan','Rogue');
Insert into JKRAJPOP.DIAGNOSTIC (DG_ID,NAME,FEE,SERVICE1,SERVICE2,SERVICE3,SERVICE4,ISSUE,MAKE,MODEL) values ('DG019','Bad Catalytic Converter And Filters',75,'1','67','31',null,'Black/Unclean Exhaust','Toyota','Corolla');
Insert into JKRAJPOP.DIAGNOSTIC (DG_ID,NAME,FEE,SERVICE1,SERVICE2,SERVICE3,SERVICE4,ISSUE,MAKE,MODEL) values ('DG020','Bad Catalytic Converter And Filters',75,'2','68','32',null,'Black/Unclean Exhaust','Toyota','Prius');
Insert into JKRAJPOP.DIAGNOSTIC (DG_ID,NAME,FEE,SERVICE1,SERVICE2,SERVICE3,SERVICE4,ISSUE,MAKE,MODEL) values ('DG021','Bad Catalytic Converter And Filters',75,'3','69','33',null,'Black/Unclean Exhaust','Honda','Civic');
Insert into JKRAJPOP.DIAGNOSTIC (DG_ID,NAME,FEE,SERVICE1,SERVICE2,SERVICE3,SERVICE4,ISSUE,MAKE,MODEL) values ('DG022','Bad Catalytic Converter And Filters',75,'4','70','34',null,'Black/Unclean Exhaust','Honda','Accord');
Insert into JKRAJPOP.DIAGNOSTIC (DG_ID,NAME,FEE,SERVICE1,SERVICE2,SERVICE3,SERVICE4,ISSUE,MAKE,MODEL) values ('DG023','Bad Catalytic Converter And Filters',75,'5','71','35',null,'Black/Unclean Exhaust','Nissan','Altima');
Insert into JKRAJPOP.DIAGNOSTIC (DG_ID,NAME,FEE,SERVICE1,SERVICE2,SERVICE3,SERVICE4,ISSUE,MAKE,MODEL) values ('DG024','Bad Catalytic Converter And Filters',75,'6','72','36',null,'Black/Unclean Exhaust','Nissan','Rogue');
Insert into JKRAJPOP.DIAGNOSTIC (DG_ID,NAME,FEE,SERVICE1,SERVICE2,SERVICE3,SERVICE4,ISSUE,MAKE,MODEL) values ('DG025','Drive Belt Damaged, Coolant Not Enough, Weak Battery',50,'43','37','7',null,'A/C-Heater Not Working','Toyota','Corolla');
Insert into JKRAJPOP.DIAGNOSTIC (DG_ID,NAME,FEE,SERVICE1,SERVICE2,SERVICE3,SERVICE4,ISSUE,MAKE,MODEL) values ('DG026','Drive Belt Damaged, Coolant Not Enough, Weak Battery',50,'44','38','8',null,'A/C-Heater Not Working','Toyota','Prius');
Insert into JKRAJPOP.DIAGNOSTIC (DG_ID,NAME,FEE,SERVICE1,SERVICE2,SERVICE3,SERVICE4,ISSUE,MAKE,MODEL) values ('DG027','Drive Belt Damaged, Coolant Not Enough, Weak Battery',50,'45','39','9',null,'A/C-Heater Not Working','Honda','Civic');
Insert into JKRAJPOP.DIAGNOSTIC (DG_ID,NAME,FEE,SERVICE1,SERVICE2,SERVICE3,SERVICE4,ISSUE,MAKE,MODEL) values ('DG028','Drive Belt Damaged, Coolant Not Enough, Weak Battery',50,'46','40','10',null,'A/C-Heater Not Working','Honda','Accord');
Insert into JKRAJPOP.DIAGNOSTIC (DG_ID,NAME,FEE,SERVICE1,SERVICE2,SERVICE3,SERVICE4,ISSUE,MAKE,MODEL) values ('DG029','Drive Belt Damaged, Coolant Not Enough, Weak Battery',50,'47','41','11',null,'A/C-Heater Not Working','Nissan','Altima');
Insert into JKRAJPOP.DIAGNOSTIC (DG_ID,NAME,FEE,SERVICE1,SERVICE2,SERVICE3,SERVICE4,ISSUE,MAKE,MODEL) values ('DG030','Drive Belt Damaged, Coolant Not Enough, Weak Battery',50,'48','42','12',null,'A/C-Heater Not Working','Nissan','Rogue');
Insert into JKRAJPOP.DIAGNOSTIC (DG_ID,NAME,FEE,SERVICE1,SERVICE2,SERVICE3,SERVICE4,ISSUE,MAKE,MODEL) values ('DG031','Light Assembly Damaged',30,'61','97','103',null,'Headlamps/Tail Lamps Not Working','Toyota','Corolla');
Insert into JKRAJPOP.DIAGNOSTIC (DG_ID,NAME,FEE,SERVICE1,SERVICE2,SERVICE3,SERVICE4,ISSUE,MAKE,MODEL) values ('DG032','Light Assembly Damaged',30,'62','98','104',null,'Headlamps/Tail Lamps Not Working','Toyota','Prius');
Insert into JKRAJPOP.DIAGNOSTIC (DG_ID,NAME,FEE,SERVICE1,SERVICE2,SERVICE3,SERVICE4,ISSUE,MAKE,MODEL) values ('DG033','Light Assembly Damaged',30,'63','99','105',null,'Headlamps/Tail Lamps Not Working','Honda','Civic');
Insert into JKRAJPOP.DIAGNOSTIC (DG_ID,NAME,FEE,SERVICE1,SERVICE2,SERVICE3,SERVICE4,ISSUE,MAKE,MODEL) values ('DG034','Light Assembly Damaged',30,'64','100','106',null,'Headlamps/Tail Lamps Not Working','Honda','Accord');
Insert into JKRAJPOP.DIAGNOSTIC (DG_ID,NAME,FEE,SERVICE1,SERVICE2,SERVICE3,SERVICE4,ISSUE,MAKE,MODEL) values ('DG035','Light Assembly Damaged',30,'65','101','107',null,'Headlamps/Tail Lamps Not Working','Nissan','Altima');
Insert into JKRAJPOP.DIAGNOSTIC (DG_ID,NAME,FEE,SERVICE1,SERVICE2,SERVICE3,SERVICE4,ISSUE,MAKE,MODEL) values ('DG036','Light Assembly Damaged',30,'66','102','108',null,'Headlamps/Tail Lamps Not Working','Nissan','Rogue');
Insert into JKRAJPOP.DIAGNOSTIC (DG_ID,NAME,FEE,SERVICE1,SERVICE2,SERVICE3,SERVICE4,ISSUE,MAKE,MODEL) values ('DG037','Gearbox And Torque Converter Issue',100,'74','55','25','109','Check Engine Light','Toyota','Corolla');
Insert into JKRAJPOP.DIAGNOSTIC (DG_ID,NAME,FEE,SERVICE1,SERVICE2,SERVICE3,SERVICE4,ISSUE,MAKE,MODEL) values ('DG038','Gearbox And Torque Converter Issue',100,'75','56','26','110','Check Engine Light','Toyota','Prius');
Insert into JKRAJPOP.DIAGNOSTIC (DG_ID,NAME,FEE,SERVICE1,SERVICE2,SERVICE3,SERVICE4,ISSUE,MAKE,MODEL) values ('DG039','Gearbox And Torque Converter Issue',100,'76','57','27','111','Check Engine Light','Honda','Civic');
Insert into JKRAJPOP.DIAGNOSTIC (DG_ID,NAME,FEE,SERVICE1,SERVICE2,SERVICE3,SERVICE4,ISSUE,MAKE,MODEL) values ('DG040','Gearbox And Torque Converter Issue',100,'77','58','28','112','Check Engine Light','Honda','Accord');
Insert into JKRAJPOP.DIAGNOSTIC (DG_ID,NAME,FEE,SERVICE1,SERVICE2,SERVICE3,SERVICE4,ISSUE,MAKE,MODEL) values ('DG041','Gearbox And Torque Converter Issue',100,'78','59','29','113','Check Engine Light','Nissan','Altima');
Insert into JKRAJPOP.DIAGNOSTIC (DG_ID,NAME,FEE,SERVICE1,SERVICE2,SERVICE3,SERVICE4,ISSUE,MAKE,MODEL) values ('DG042','Gearbox And Torque Converter Issue',100,'79','60','30','114','Check Engine Light','Nissan','Rogue');



Insert into JKRAJPOP.DISTRIBUTOR (DID,IID,PARTID,NAME) values ('D0001',null,null,'D1');
Insert into JKRAJPOP.DISTRIBUTOR (DID,IID,PARTID,NAME) values ('D0002',null,null,'D2');



Insert into JKRAJPOP.EMPLOYEE (EMPLOYEEID,NAME,PHONENUMBER,EMAILADDRESS,ADDRESS,POSITION,SERVICECENTERID,PASSWORD) values ('291056276','Roderick Phillips',9017770492,'rophillips@acme.com','1133 Burton Avenue, Charlotte, NC 28201','B','S0002','Roderick');
Insert into JKRAJPOP.EMPLOYEE (EMPLOYEEID,NAME,PHONENUMBER,EMAILADDRESS,ADDRESS,POSITION,SERVICECENTERID,PASSWORD) values ('911639633','Dena Holmes',9723533691,'deholmes@acme.com','1382 Whispering Pines Circle, Charlotte, NC 28205','R','S0002','Dena');
Insert into JKRAJPOP.EMPLOYEE (EMPLOYEEID,NAME,PHONENUMBER,EMAILADDRESS,ADDRESS,POSITION,SERVICECENTERID,PASSWORD) values ('590424694','Dustin Esparza',9564440948,'duesparza@acme.com','3510 Hemlock Lane, Charlotte, NC 28202','M','S0002','Dustin');
Insert into JKRAJPOP.EMPLOYEE (EMPLOYEEID,NAME,PHONENUMBER,EMAILADDRESS,ADDRESS,POSITION,SERVICECENTERID,PASSWORD) values ('401671897','Charles Pudilo',6417529403,'chpudilo@acme.com','196 Park Boulevard, Charlotte, NC 28222','M','S0002','Charles');
Insert into JKRAJPOP.EMPLOYEE (EMPLOYEEID,NAME,PHONENUMBER,EMAILADDRESS,ADDRESS,POSITION,SERVICECENTERID,PASSWORD) values ('310773348','James Rivera',9039671809,'jarivera@acme.com','908 Alpha Avenue, Charlotte, NC 28130','M','S0002','James');
Insert into JKRAJPOP.EMPLOYEE (EMPLOYEEID,NAME,PHONENUMBER,EMAILADDRESS,ADDRESS,POSITION,SERVICECENTERID,PASSWORD) values ('983204784','Willis Morton',7578866330,'wimorton@acme.com','404 Tenmile, Charlotte, NC 28134','M','S0002','Willis');
Insert into JKRAJPOP.EMPLOYEE (EMPLOYEEID,NAME,PHONENUMBER,EMAILADDRESS,ADDRESS,POSITION,SERVICECENTERID,PASSWORD) values ('187658163','Rickie Henderson',9315391294,'rihenderson@acme.com','1963 Chenoweth Drive, Charlotte, NC 28228','M','S0002','Rickie');
Insert into JKRAJPOP.EMPLOYEE (EMPLOYEEID,NAME,PHONENUMBER,EMAILADDRESS,ADDRESS,POSITION,SERVICECENTERID,PASSWORD) values ('950932130','Larry Cohen',3169785494,'lacohen@acme.com','1979 Henry Street, Raleigh, NC 27606','B','S0001','Larry');
Insert into JKRAJPOP.EMPLOYEE (EMPLOYEEID,NAME,PHONENUMBER,EMAILADDRESS,ADDRESS,POSITION,SERVICECENTERID,PASSWORD) values ('634622236','Willis Martin',2139882011,'wimartin@acme.com','465 Aviation Way, Raleigh, NC 27601','R','S0001','Willis');
Insert into JKRAJPOP.EMPLOYEE (EMPLOYEEID,NAME,PHONENUMBER,EMAILADDRESS,ADDRESS,POSITION,SERVICECENTERID,PASSWORD) values ('557279280','Jacob Gloss',4133359523,'jagloss@acme.com','2014 Leverton Cove Road, Raleigh, NC 27560','M','S0001','Jacob');
Insert into JKRAJPOP.EMPLOYEE (EMPLOYEEID,NAME,PHONENUMBER,EMAILADDRESS,ADDRESS,POSITION,SERVICECENTERID,PASSWORD) values ('183683346','Anthony Freeman',5634967912,'anfreeman@acme.com','1188 Summit Street, Raleigh, NC 27627','M','S0001','Anthony');
Insert into JKRAJPOP.EMPLOYEE (EMPLOYEEID,NAME,PHONENUMBER,EMAILADDRESS,ADDRESS,POSITION,SERVICECENTERID,PASSWORD) values ('557279281','Eric Fowler',7604579846,'erfowler@acme.com','1114 Fincham Road, Raleigh, NC 27545','M','S0001','Eric');
Insert into JKRAJPOP.EMPLOYEE (EMPLOYEEID,NAME,PHONENUMBER,EMAILADDRESS,ADDRESS,POSITION,SERVICECENTERID,PASSWORD) values ('557279283','Peter Fitzpatrick',3154851152,'pefitzpatrick@acme.com','4738 Buckhannan Avenue, Raleigh, NC 27625','M','S0001','Peter');
Insert into JKRAJPOP.EMPLOYEE (EMPLOYEEID,NAME,PHONENUMBER,EMAILADDRESS,ADDRESS,POSITION,SERVICECENTERID,PASSWORD) values ('557279282','Roland Richmond',829843373,'rorichmond@acme.com','1951 Little Acres Lane, Raleigh, NC 27513','M','S0001','Roland');
Insert into JKRAJPOP.EMPLOYEE (EMPLOYEEID,NAME,PHONENUMBER,EMAILADDRESS,ADDRESS,POSITION,SERVICECENTERID,PASSWORD) values ('123456789','lms pls',100100100,'lk@lk','123 popat steert 27113','B','S0002','kem cho');
Insert into JKRAJPOP.EMPLOYEE (EMPLOYEEID,NAME,PHONENUMBER,EMAILADDRESS,ADDRESS,POSITION,SERVICECENTERID,PASSWORD) values ('654789321','pls lms',1100110,'lm@lm','eew 21, ds','R','S0002','pls');



Insert into JKRAJPOP.INVENTORY (IID,SERVICECENTERID,CURRENTQ,MINTHRESHOLD,MINQUANTITY,D1,D2,PARTID) values ('1','S0001',43,20,5,0,3,'2');
Insert into JKRAJPOP.INVENTORY (IID,SERVICECENTERID,CURRENTQ,MINTHRESHOLD,MINQUANTITY,D1,D2,PARTID) values ('2','S0001',8,5,7,5,0,'5');
Insert into JKRAJPOP.INVENTORY (IID,SERVICECENTERID,CURRENTQ,MINTHRESHOLD,MINQUANTITY,D1,D2,PARTID) values ('3','S0001',20,20,5,4,0,'8');
Insert into JKRAJPOP.INVENTORY (IID,SERVICECENTERID,CURRENTQ,MINTHRESHOLD,MINQUANTITY,D1,D2,PARTID) values ('4','S0001',14,4,6,0,4,'11');
Insert into JKRAJPOP.INVENTORY (IID,SERVICECENTERID,CURRENTQ,MINTHRESHOLD,MINQUANTITY,D1,D2,PARTID) values ('5','S0001',8,4,3,0,5,'14');
Insert into JKRAJPOP.INVENTORY (IID,SERVICECENTERID,CURRENTQ,MINTHRESHOLD,MINQUANTITY,D1,D2,PARTID) values ('6','S0001',22,20,5,4,0,'17');
Insert into JKRAJPOP.INVENTORY (IID,SERVICECENTERID,CURRENTQ,MINTHRESHOLD,MINQUANTITY,D1,D2,PARTID) values ('7','S0001',31,10,5,0,3,'20');
Insert into JKRAJPOP.INVENTORY (IID,SERVICECENTERID,CURRENTQ,MINTHRESHOLD,MINQUANTITY,D1,D2,PARTID) values ('8','S0001',23,23,4,0,4,'23');
Insert into JKRAJPOP.INVENTORY (IID,SERVICECENTERID,CURRENTQ,MINTHRESHOLD,MINQUANTITY,D1,D2,PARTID) values ('9','S0001',35,30,5,0,2,'26');
Insert into JKRAJPOP.INVENTORY (IID,SERVICECENTERID,CURRENTQ,MINTHRESHOLD,MINQUANTITY,D1,D2,PARTID) values ('10','S0001',15,5,5,2,0,'29');
Insert into JKRAJPOP.INVENTORY (IID,SERVICECENTERID,CURRENTQ,MINTHRESHOLD,MINQUANTITY,D1,D2,PARTID) values ('11','S0001',18,3,5,5,0,'32');
Insert into JKRAJPOP.INVENTORY (IID,SERVICECENTERID,CURRENTQ,MINTHRESHOLD,MINQUANTITY,D1,D2,PARTID) values ('12','S0001',12,10,8,3,0,'35');
Insert into JKRAJPOP.INVENTORY (IID,SERVICECENTERID,CURRENTQ,MINTHRESHOLD,MINQUANTITY,D1,D2,PARTID) values ('13','S0001',11,4,4,4,0,'38');
Insert into JKRAJPOP.INVENTORY (IID,SERVICECENTERID,CURRENTQ,MINTHRESHOLD,MINQUANTITY,D1,D2,PARTID) values ('14','S0001',55,48,2,2,0,'41');
Insert into JKRAJPOP.INVENTORY (IID,SERVICECENTERID,CURRENTQ,MINTHRESHOLD,MINQUANTITY,D1,D2,PARTID) values ('15','S0001',12,7,5,5,0,'44');
Insert into JKRAJPOP.INVENTORY (IID,SERVICECENTERID,CURRENTQ,MINTHRESHOLD,MINQUANTITY,D1,D2,PARTID) values ('16','S0001',45,42,5,0,5,'47');
Insert into JKRAJPOP.INVENTORY (IID,SERVICECENTERID,CURRENTQ,MINTHRESHOLD,MINQUANTITY,D1,D2,PARTID) values ('17','S0001',13,11,5,0,3,'50');
Insert into JKRAJPOP.INVENTORY (IID,SERVICECENTERID,CURRENTQ,MINTHRESHOLD,MINQUANTITY,D1,D2,PARTID) values ('18','S0001',12,7,5,3,0,'53');
Insert into JKRAJPOP.INVENTORY (IID,SERVICECENTERID,CURRENTQ,MINTHRESHOLD,MINQUANTITY,D1,D2,PARTID) values ('19','S0001',12,5,5,0,3,'56');
Insert into JKRAJPOP.INVENTORY (IID,SERVICECENTERID,CURRENTQ,MINTHRESHOLD,MINQUANTITY,D1,D2,PARTID) values ('20','S0002',46,35,6,0,3,'2');
Insert into JKRAJPOP.INVENTORY (IID,SERVICECENTERID,CURRENTQ,MINTHRESHOLD,MINQUANTITY,D1,D2,PARTID) values ('21','S0002',7,6,10,5,0,'5');
Insert into JKRAJPOP.INVENTORY (IID,SERVICECENTERID,CURRENTQ,MINTHRESHOLD,MINQUANTITY,D1,D2,PARTID) values ('22','S0002',64,52,3,4,0,'8');
Insert into JKRAJPOP.INVENTORY (IID,SERVICECENTERID,CURRENTQ,MINTHRESHOLD,MINQUANTITY,D1,D2,PARTID) values ('23','S0002',15,3,3,0,4,'11');
Insert into JKRAJPOP.INVENTORY (IID,SERVICECENTERID,CURRENTQ,MINTHRESHOLD,MINQUANTITY,D1,D2,PARTID) values ('24','S0002',20,3,5,0,5,'14');
Insert into JKRAJPOP.INVENTORY (IID,SERVICECENTERID,CURRENTQ,MINTHRESHOLD,MINQUANTITY,D1,D2,PARTID) values ('25','S0002',42,42,6,4,0,'17');
Insert into JKRAJPOP.INVENTORY (IID,SERVICECENTERID,CURRENTQ,MINTHRESHOLD,MINQUANTITY,D1,D2,PARTID) values ('26','S0002',29,24,5,0,3,'20');
Insert into JKRAJPOP.INVENTORY (IID,SERVICECENTERID,CURRENTQ,MINTHRESHOLD,MINQUANTITY,D1,D2,PARTID) values ('27','S0002',21,12,4,0,4,'23');
Insert into JKRAJPOP.INVENTORY (IID,SERVICECENTERID,CURRENTQ,MINTHRESHOLD,MINQUANTITY,D1,D2,PARTID) values ('28','S0002',30,23,4,0,2,'26');
Insert into JKRAJPOP.INVENTORY (IID,SERVICECENTERID,CURRENTQ,MINTHRESHOLD,MINQUANTITY,D1,D2,PARTID) values ('29','S0002',26,10,5,2,0,'29');
Insert into JKRAJPOP.INVENTORY (IID,SERVICECENTERID,CURRENTQ,MINTHRESHOLD,MINQUANTITY,D1,D2,PARTID) values ('30','S0002',70,7,5,5,0,'32');
Insert into JKRAJPOP.INVENTORY (IID,SERVICECENTERID,CURRENTQ,MINTHRESHOLD,MINQUANTITY,D1,D2,PARTID) values ('31','S0002',8,6,3,3,0,'35');
Insert into JKRAJPOP.INVENTORY (IID,SERVICECENTERID,CURRENTQ,MINTHRESHOLD,MINQUANTITY,D1,D2,PARTID) values ('32','S0002',31,24,5,4,0,'38');
Insert into JKRAJPOP.INVENTORY (IID,SERVICECENTERID,CURRENTQ,MINTHRESHOLD,MINQUANTITY,D1,D2,PARTID) values ('33','S0002',81,73,5,2,0,'41');
Insert into JKRAJPOP.INVENTORY (IID,SERVICECENTERID,CURRENTQ,MINTHRESHOLD,MINQUANTITY,D1,D2,PARTID) values ('34','S0002',17,6,4,5,0,'44');
Insert into JKRAJPOP.INVENTORY (IID,SERVICECENTERID,CURRENTQ,MINTHRESHOLD,MINQUANTITY,D1,D2,PARTID) values ('35','S0002',50,32,4,0,5,'47');
Insert into JKRAJPOP.INVENTORY (IID,SERVICECENTERID,CURRENTQ,MINTHRESHOLD,MINQUANTITY,D1,D2,PARTID) values ('36','S0002',15,6,6,0,3,'50');
Insert into JKRAJPOP.INVENTORY (IID,SERVICECENTERID,CURRENTQ,MINTHRESHOLD,MINQUANTITY,D1,D2,PARTID) values ('37','S0002',11,3,6,3,0,'53');
Insert into JKRAJPOP.INVENTORY (IID,SERVICECENTERID,CURRENTQ,MINTHRESHOLD,MINQUANTITY,D1,D2,PARTID) values ('38','S0002',16,13,5,0,3,'56');
Insert into JKRAJPOP.INVENTORY (IID,SERVICECENTERID,CURRENTQ,MINTHRESHOLD,MINQUANTITY,D1,D2,PARTID) values ('39','S0001',13,2,5,0,3,'1');
Insert into JKRAJPOP.INVENTORY (IID,SERVICECENTERID,CURRENTQ,MINTHRESHOLD,MINQUANTITY,D1,D2,PARTID) values ('40','S0001',18,5,7,5,0,'4');
Insert into JKRAJPOP.INVENTORY (IID,SERVICECENTERID,CURRENTQ,MINTHRESHOLD,MINQUANTITY,D1,D2,PARTID) values ('41','S0001',10,2,5,4,0,'7');
Insert into JKRAJPOP.INVENTORY (IID,SERVICECENTERID,CURRENTQ,MINTHRESHOLD,MINQUANTITY,D1,D2,PARTID) values ('42','S0001',4,4,6,0,4,'10');
Insert into JKRAJPOP.INVENTORY (IID,SERVICECENTERID,CURRENTQ,MINTHRESHOLD,MINQUANTITY,D1,D2,PARTID) values ('43','S0001',18,4,3,0,5,'13');
Insert into JKRAJPOP.INVENTORY (IID,SERVICECENTERID,CURRENTQ,MINTHRESHOLD,MINQUANTITY,D1,D2,PARTID) values ('44','S0001',12,2,5,4,0,'16');
Insert into JKRAJPOP.INVENTORY (IID,SERVICECENTERID,CURRENTQ,MINTHRESHOLD,MINQUANTITY,D1,D2,PARTID) values ('45','S0001',11,1,5,0,3,'19');
Insert into JKRAJPOP.INVENTORY (IID,SERVICECENTERID,CURRENTQ,MINTHRESHOLD,MINQUANTITY,D1,D2,PARTID) values ('46','S0001',13,2,4,0,4,'22');
Insert into JKRAJPOP.INVENTORY (IID,SERVICECENTERID,CURRENTQ,MINTHRESHOLD,MINQUANTITY,D1,D2,PARTID) values ('47','S0001',15,3,5,0,2,'25');
Insert into JKRAJPOP.INVENTORY (IID,SERVICECENTERID,CURRENTQ,MINTHRESHOLD,MINQUANTITY,D1,D2,PARTID) values ('48','S0001',5,5,5,2,0,'28');
Insert into JKRAJPOP.INVENTORY (IID,SERVICECENTERID,CURRENTQ,MINTHRESHOLD,MINQUANTITY,D1,D2,PARTID) values ('49','S0001',8,3,5,5,0,'31');
Insert into JKRAJPOP.INVENTORY (IID,SERVICECENTERID,CURRENTQ,MINTHRESHOLD,MINQUANTITY,D1,D2,PARTID) values ('50','S0001',2,1,8,3,0,'34');
Insert into JKRAJPOP.INVENTORY (IID,SERVICECENTERID,CURRENTQ,MINTHRESHOLD,MINQUANTITY,D1,D2,PARTID) values ('51','S0001',1,1,4,4,0,'37');
Insert into JKRAJPOP.INVENTORY (IID,SERVICECENTERID,CURRENTQ,MINTHRESHOLD,MINQUANTITY,D1,D2,PARTID) values ('52','S0001',15,4,2,2,0,'40');
Insert into JKRAJPOP.INVENTORY (IID,SERVICECENTERID,CURRENTQ,MINTHRESHOLD,MINQUANTITY,D1,D2,PARTID) values ('53','S0001',2,1,5,5,0,'43');
Insert into JKRAJPOP.INVENTORY (IID,SERVICECENTERID,CURRENTQ,MINTHRESHOLD,MINQUANTITY,D1,D2,PARTID) values ('54','S0001',15,4,5,0,5,'46');
Insert into JKRAJPOP.INVENTORY (IID,SERVICECENTERID,CURRENTQ,MINTHRESHOLD,MINQUANTITY,D1,D2,PARTID) values ('55','S0001',3,1,5,0,3,'49');
Insert into JKRAJPOP.INVENTORY (IID,SERVICECENTERID,CURRENTQ,MINTHRESHOLD,MINQUANTITY,D1,D2,PARTID) values ('56','S0001',12,7,5,3,0,'52');
Insert into JKRAJPOP.INVENTORY (IID,SERVICECENTERID,CURRENTQ,MINTHRESHOLD,MINQUANTITY,D1,D2,PARTID) values ('57','S0001',12,5,5,0,3,'55');
Insert into JKRAJPOP.INVENTORY (IID,SERVICECENTERID,CURRENTQ,MINTHRESHOLD,MINQUANTITY,D1,D2,PARTID) values ('58','S0002',26,5,6,0,3,'1');
Insert into JKRAJPOP.INVENTORY (IID,SERVICECENTERID,CURRENTQ,MINTHRESHOLD,MINQUANTITY,D1,D2,PARTID) values ('59','S0002',27,6,10,5,0,'4');
Insert into JKRAJPOP.INVENTORY (IID,SERVICECENTERID,CURRENTQ,MINTHRESHOLD,MINQUANTITY,D1,D2,PARTID) values ('60','S0002',24,2,3,4,0,'7');
Insert into JKRAJPOP.INVENTORY (IID,SERVICECENTERID,CURRENTQ,MINTHRESHOLD,MINQUANTITY,D1,D2,PARTID) values ('61','S0002',25,3,3,0,4,'10');
Insert into JKRAJPOP.INVENTORY (IID,SERVICECENTERID,CURRENTQ,MINTHRESHOLD,MINQUANTITY,D1,D2,PARTID) values ('62','S0002',20,3,5,0,5,'13');
Insert into JKRAJPOP.INVENTORY (IID,SERVICECENTERID,CURRENTQ,MINTHRESHOLD,MINQUANTITY,D1,D2,PARTID) values ('63','S0002',22,2,6,4,0,'16');
Insert into JKRAJPOP.INVENTORY (IID,SERVICECENTERID,CURRENTQ,MINTHRESHOLD,MINQUANTITY,D1,D2,PARTID) values ('64','S0002',29,4,5,0,3,'19');
Insert into JKRAJPOP.INVENTORY (IID,SERVICECENTERID,CURRENTQ,MINTHRESHOLD,MINQUANTITY,D1,D2,PARTID) values ('65','S0002',21,2,4,0,4,'22');
Insert into JKRAJPOP.INVENTORY (IID,SERVICECENTERID,CURRENTQ,MINTHRESHOLD,MINQUANTITY,D1,D2,PARTID) values ('66','S0002',20,3,4,0,2,'25');
Insert into JKRAJPOP.INVENTORY (IID,SERVICECENTERID,CURRENTQ,MINTHRESHOLD,MINQUANTITY,D1,D2,PARTID) values ('67','S0002',26,20,5,2,0,'28');
Insert into JKRAJPOP.INVENTORY (IID,SERVICECENTERID,CURRENTQ,MINTHRESHOLD,MINQUANTITY,D1,D2,PARTID) values ('68','S0002',20,7,5,5,0,'31');
Insert into JKRAJPOP.INVENTORY (IID,SERVICECENTERID,CURRENTQ,MINTHRESHOLD,MINQUANTITY,D1,D2,PARTID) values ('69','S0002',28,6,3,3,0,'34');
Insert into JKRAJPOP.INVENTORY (IID,SERVICECENTERID,CURRENTQ,MINTHRESHOLD,MINQUANTITY,D1,D2,PARTID) values ('70','S0002',21,4,5,4,0,'37');
Insert into JKRAJPOP.INVENTORY (IID,SERVICECENTERID,CURRENTQ,MINTHRESHOLD,MINQUANTITY,D1,D2,PARTID) values ('71','S0002',21,3,5,2,0,'40');
Insert into JKRAJPOP.INVENTORY (IID,SERVICECENTERID,CURRENTQ,MINTHRESHOLD,MINQUANTITY,D1,D2,PARTID) values ('72','S0002',27,6,4,5,0,'43');
Insert into JKRAJPOP.INVENTORY (IID,SERVICECENTERID,CURRENTQ,MINTHRESHOLD,MINQUANTITY,D1,D2,PARTID) values ('73','S0002',20,2,4,0,5,'46');
Insert into JKRAJPOP.INVENTORY (IID,SERVICECENTERID,CURRENTQ,MINTHRESHOLD,MINQUANTITY,D1,D2,PARTID) values ('74','S0002',25,6,6,0,3,'49');
Insert into JKRAJPOP.INVENTORY (IID,SERVICECENTERID,CURRENTQ,MINTHRESHOLD,MINQUANTITY,D1,D2,PARTID) values ('75','S0002',11,3,6,3,0,'52');
Insert into JKRAJPOP.INVENTORY (IID,SERVICECENTERID,CURRENTQ,MINTHRESHOLD,MINQUANTITY,D1,D2,PARTID) values ('76','S0002',16,13,5,0,3,'55');
Insert into JKRAJPOP.INVENTORY (IID,SERVICECENTERID,CURRENTQ,MINTHRESHOLD,MINQUANTITY,D1,D2,PARTID) values ('77','S0001',33,20,5,0,3,'3');
Insert into JKRAJPOP.INVENTORY (IID,SERVICECENTERID,CURRENTQ,MINTHRESHOLD,MINQUANTITY,D1,D2,PARTID) values ('78','S0001',38,5,7,5,0,'6');
Insert into JKRAJPOP.INVENTORY (IID,SERVICECENTERID,CURRENTQ,MINTHRESHOLD,MINQUANTITY,D1,D2,PARTID) values ('79','S0001',30,20,5,4,0,'9');
Insert into JKRAJPOP.INVENTORY (IID,SERVICECENTERID,CURRENTQ,MINTHRESHOLD,MINQUANTITY,D1,D2,PARTID) values ('80','S0001',34,4,6,0,4,'12');
Insert into JKRAJPOP.INVENTORY (IID,SERVICECENTERID,CURRENTQ,MINTHRESHOLD,MINQUANTITY,D1,D2,PARTID) values ('81','S0001',38,4,3,0,5,'15');
Insert into JKRAJPOP.INVENTORY (IID,SERVICECENTERID,CURRENTQ,MINTHRESHOLD,MINQUANTITY,D1,D2,PARTID) values ('82','S0001',32,20,5,4,0,'18');
Insert into JKRAJPOP.INVENTORY (IID,SERVICECENTERID,CURRENTQ,MINTHRESHOLD,MINQUANTITY,D1,D2,PARTID) values ('83','S0001',31,10,5,3,0,'21');
Insert into JKRAJPOP.INVENTORY (IID,SERVICECENTERID,CURRENTQ,MINTHRESHOLD,MINQUANTITY,D1,D2,PARTID) values ('84','S0001',33,23,4,0,4,'24');
Insert into JKRAJPOP.INVENTORY (IID,SERVICECENTERID,CURRENTQ,MINTHRESHOLD,MINQUANTITY,D1,D2,PARTID) values ('85','S0001',35,30,5,0,2,'27');
Insert into JKRAJPOP.INVENTORY (IID,SERVICECENTERID,CURRENTQ,MINTHRESHOLD,MINQUANTITY,D1,D2,PARTID) values ('86','S0001',35,5,5,2,0,'30');
Insert into JKRAJPOP.INVENTORY (IID,SERVICECENTERID,CURRENTQ,MINTHRESHOLD,MINQUANTITY,D1,D2,PARTID) values ('87','S0001',38,3,5,5,0,'33');
Insert into JKRAJPOP.INVENTORY (IID,SERVICECENTERID,CURRENTQ,MINTHRESHOLD,MINQUANTITY,D1,D2,PARTID) values ('88','S0001',32,10,8,3,0,'36');
Insert into JKRAJPOP.INVENTORY (IID,SERVICECENTERID,CURRENTQ,MINTHRESHOLD,MINQUANTITY,D1,D2,PARTID) values ('89','S0001',31,4,4,4,0,'39');
Insert into JKRAJPOP.INVENTORY (IID,SERVICECENTERID,CURRENTQ,MINTHRESHOLD,MINQUANTITY,D1,D2,PARTID) values ('90','S0001',35,18,2,2,0,'42');
Insert into JKRAJPOP.INVENTORY (IID,SERVICECENTERID,CURRENTQ,MINTHRESHOLD,MINQUANTITY,D1,D2,PARTID) values ('91','S0001',32,7,5,5,0,'45');
Insert into JKRAJPOP.INVENTORY (IID,SERVICECENTERID,CURRENTQ,MINTHRESHOLD,MINQUANTITY,D1,D2,PARTID) values ('92','S0001',35,12,5,0,5,'48');
Insert into JKRAJPOP.INVENTORY (IID,SERVICECENTERID,CURRENTQ,MINTHRESHOLD,MINQUANTITY,D1,D2,PARTID) values ('93','S0001',33,11,5,0,3,'51');
Insert into JKRAJPOP.INVENTORY (IID,SERVICECENTERID,CURRENTQ,MINTHRESHOLD,MINQUANTITY,D1,D2,PARTID) values ('94','S0001',32,7,5,3,0,'54');
Insert into JKRAJPOP.INVENTORY (IID,SERVICECENTERID,CURRENTQ,MINTHRESHOLD,MINQUANTITY,D1,D2,PARTID) values ('95','S0001',12,5,5,0,3,'57');
Insert into JKRAJPOP.INVENTORY (IID,SERVICECENTERID,CURRENTQ,MINTHRESHOLD,MINQUANTITY,D1,D2,PARTID) values ('96','S0002',16,5,6,0,3,'3');
Insert into JKRAJPOP.INVENTORY (IID,SERVICECENTERID,CURRENTQ,MINTHRESHOLD,MINQUANTITY,D1,D2,PARTID) values ('97','S0002',17,6,10,5,0,'6');
Insert into JKRAJPOP.INVENTORY (IID,SERVICECENTERID,CURRENTQ,MINTHRESHOLD,MINQUANTITY,D1,D2,PARTID) values ('98','S0002',14,5,3,4,0,'9');
Insert into JKRAJPOP.INVENTORY (IID,SERVICECENTERID,CURRENTQ,MINTHRESHOLD,MINQUANTITY,D1,D2,PARTID) values ('99','S0002',15,3,3,0,4,'12');
Insert into JKRAJPOP.INVENTORY (IID,SERVICECENTERID,CURRENTQ,MINTHRESHOLD,MINQUANTITY,D1,D2,PARTID) values ('100','S0002',10,3,5,0,5,'15');
Insert into JKRAJPOP.INVENTORY (IID,SERVICECENTERID,CURRENTQ,MINTHRESHOLD,MINQUANTITY,D1,D2,PARTID) values ('101','S0002',12,4,6,4,0,'18');
Insert into JKRAJPOP.INVENTORY (IID,SERVICECENTERID,CURRENTQ,MINTHRESHOLD,MINQUANTITY,D1,D2,PARTID) values ('102','S0002',19,4,5,0,3,'21');
Insert into JKRAJPOP.INVENTORY (IID,SERVICECENTERID,CURRENTQ,MINTHRESHOLD,MINQUANTITY,D1,D2,PARTID) values ('103','S0002',11,2,4,0,4,'24');
Insert into JKRAJPOP.INVENTORY (IID,SERVICECENTERID,CURRENTQ,MINTHRESHOLD,MINQUANTITY,D1,D2,PARTID) values ('104','S0002',10,3,4,0,2,'27');
Insert into JKRAJPOP.INVENTORY (IID,SERVICECENTERID,CURRENTQ,MINTHRESHOLD,MINQUANTITY,D1,D2,PARTID) values ('105','S0002',16,10,5,2,0,'30');
Insert into JKRAJPOP.INVENTORY (IID,SERVICECENTERID,CURRENTQ,MINTHRESHOLD,MINQUANTITY,D1,D2,PARTID) values ('106','S0002',10,7,5,5,0,'33');
Insert into JKRAJPOP.INVENTORY (IID,SERVICECENTERID,CURRENTQ,MINTHRESHOLD,MINQUANTITY,D1,D2,PARTID) values ('107','S0002',18,6,3,3,0,'36');
Insert into JKRAJPOP.INVENTORY (IID,SERVICECENTERID,CURRENTQ,MINTHRESHOLD,MINQUANTITY,D1,D2,PARTID) values ('108','S0002',11,4,5,4,0,'39');
Insert into JKRAJPOP.INVENTORY (IID,SERVICECENTERID,CURRENTQ,MINTHRESHOLD,MINQUANTITY,D1,D2,PARTID) values ('109','S0002',11,7,5,2,0,'42');
Insert into JKRAJPOP.INVENTORY (IID,SERVICECENTERID,CURRENTQ,MINTHRESHOLD,MINQUANTITY,D1,D2,PARTID) values ('110','S0002',17,6,4,5,0,'45');
Insert into JKRAJPOP.INVENTORY (IID,SERVICECENTERID,CURRENTQ,MINTHRESHOLD,MINQUANTITY,D1,D2,PARTID) values ('111','S0002',10,2,4,0,5,'48');
Insert into JKRAJPOP.INVENTORY (IID,SERVICECENTERID,CURRENTQ,MINTHRESHOLD,MINQUANTITY,D1,D2,PARTID) values ('112','S0002',15,6,6,0,3,'51');
Insert into JKRAJPOP.INVENTORY (IID,SERVICECENTERID,CURRENTQ,MINTHRESHOLD,MINQUANTITY,D1,D2,PARTID) values ('113','S0002',11,3,6,3,0,'54');
Insert into JKRAJPOP.INVENTORY (IID,SERVICECENTERID,CURRENTQ,MINTHRESHOLD,MINQUANTITY,D1,D2,PARTID) values ('114','S0002',16,13,5,0,3,'57');
Insert into JKRAJPOP.INVENTORY (IID,SERVICECENTERID,CURRENTQ,MINTHRESHOLD,MINQUANTITY,D1,D2,PARTID) values ('115','S0001',20,5,5,3,0,'1001');
Insert into JKRAJPOP.INVENTORY (IID,SERVICECENTERID,CURRENTQ,MINTHRESHOLD,MINQUANTITY,D1,D2,PARTID) values ('116','S0002',0,5,5,3,0,'1001');



Insert into JKRAJPOP.MAINTENANCE (MAINTENANCEID,MAKE,MODEL,MILES,SERVICE1,SERVICE2,SERVICE3,SERVICE4,SERVICE5,SERVICE6,MAINTENANCETYPE) values ('M0001','Toyota','Corolla',5000,'49','37',null,null,null,null,'A');
Insert into JKRAJPOP.MAINTENANCE (MAINTENANCEID,MAKE,MODEL,MILES,SERVICE1,SERVICE2,SERVICE3,SERVICE4,SERVICE5,SERVICE6,MAINTENANCETYPE) values ('M0002','Toyota','Corolla',25000,'1','67','13','121','85',null,'B');
Insert into JKRAJPOP.MAINTENANCE (MAINTENANCEID,MAKE,MODEL,MILES,SERVICE1,SERVICE2,SERVICE3,SERVICE4,SERVICE5,SERVICE6,MAINTENANCETYPE) values ('M0003','Toyota','Corolla',45000,'91','19','79',null,null,null,'C');
Insert into JKRAJPOP.MAINTENANCE (MAINTENANCEID,MAKE,MODEL,MILES,SERVICE1,SERVICE2,SERVICE3,SERVICE4,SERVICE5,SERVICE6,MAINTENANCETYPE) values ('M0004','Toyota','Prius',10000,'50','68','38',null,null,null,'A');
Insert into JKRAJPOP.MAINTENANCE (MAINTENANCEID,MAKE,MODEL,MILES,SERVICE1,SERVICE2,SERVICE3,SERVICE4,SERVICE5,SERVICE6,MAINTENANCETYPE) values ('M0005','Toyota','Prius',28000,'2','14','122','86','8',null,'B');
Insert into JKRAJPOP.MAINTENANCE (MAINTENANCEID,MAKE,MODEL,MILES,SERVICE1,SERVICE2,SERVICE3,SERVICE4,SERVICE5,SERVICE6,MAINTENANCETYPE) values ('M0006','Toyota','Prius',58000,'92','20','80',null,null,null,'C');
Insert into JKRAJPOP.MAINTENANCE (MAINTENANCEID,MAKE,MODEL,MILES,SERVICE1,SERVICE2,SERVICE3,SERVICE4,SERVICE5,SERVICE6,MAINTENANCETYPE) values ('M0007','Nissan','Altima',10000,'53','5','71','41',null,null,'A');
Insert into JKRAJPOP.MAINTENANCE (MAINTENANCEID,MAKE,MODEL,MILES,SERVICE1,SERVICE2,SERVICE3,SERVICE4,SERVICE5,SERVICE6,MAINTENANCETYPE) values ('M0008','Nissan','Altima',25000,'17','125',null,null,null,null,'B');
Insert into JKRAJPOP.MAINTENANCE (MAINTENANCEID,MAKE,MODEL,MILES,SERVICE1,SERVICE2,SERVICE3,SERVICE4,SERVICE5,SERVICE6,MAINTENANCETYPE) values ('M0009','Nissan','Altima',50000,'95','23','83','89',null,null,'C');
Insert into JKRAJPOP.MAINTENANCE (MAINTENANCEID,MAKE,MODEL,MILES,SERVICE1,SERVICE2,SERVICE3,SERVICE4,SERVICE5,SERVICE6,MAINTENANCETYPE) values ('M0010','Nissan','Rogue',10000,'54','6','84','72','18','42','A');
Insert into JKRAJPOP.MAINTENANCE (MAINTENANCEID,MAKE,MODEL,MILES,SERVICE1,SERVICE2,SERVICE3,SERVICE4,SERVICE5,SERVICE6,MAINTENANCETYPE) values ('M0011','Nissan','Rogue',37000,'96','126','90',null,null,null,'B');
Insert into JKRAJPOP.MAINTENANCE (MAINTENANCEID,MAKE,MODEL,MILES,SERVICE1,SERVICE2,SERVICE3,SERVICE4,SERVICE5,SERVICE6,MAINTENANCETYPE) values ('M0012','Nissan','Rogue',70000,'24','12',null,null,null,null,'C');
Insert into JKRAJPOP.MAINTENANCE (MAINTENANCEID,MAKE,MODEL,MILES,SERVICE1,SERVICE2,SERVICE3,SERVICE4,SERVICE5,SERVICE6,MAINTENANCETYPE) values ('M0013','Honda','Accord',15000,'52','4','70','40',null,null,'A');
Insert into JKRAJPOP.MAINTENANCE (MAINTENANCEID,MAKE,MODEL,MILES,SERVICE1,SERVICE2,SERVICE3,SERVICE4,SERVICE5,SERVICE6,MAINTENANCETYPE) values ('M0014','Honda','Accord',37000,'16','124','88',null,null,null,'B');
Insert into JKRAJPOP.MAINTENANCE (MAINTENANCEID,MAKE,MODEL,MILES,SERVICE1,SERVICE2,SERVICE3,SERVICE4,SERVICE5,SERVICE6,MAINTENANCETYPE) values ('M0015','Honda','Accord',67000,'94','22','82',null,null,null,'C');
Insert into JKRAJPOP.MAINTENANCE (MAINTENANCEID,MAKE,MODEL,MILES,SERVICE1,SERVICE2,SERVICE3,SERVICE4,SERVICE5,SERVICE6,MAINTENANCETYPE) values ('M0016','Honda','Civic',14000,'51','15','39',null,null,null,'A');
Insert into JKRAJPOP.MAINTENANCE (MAINTENANCEID,MAKE,MODEL,MILES,SERVICE1,SERVICE2,SERVICE3,SERVICE4,SERVICE5,SERVICE6,MAINTENANCETYPE) values ('M0017','Honda','Civic',29000,'3','69','21','123','87',null,'B');
Insert into JKRAJPOP.MAINTENANCE (MAINTENANCEID,MAKE,MODEL,MILES,SERVICE1,SERVICE2,SERVICE3,SERVICE4,SERVICE5,SERVICE6,MAINTENANCETYPE) values ('M0018','Honda','Civic',44000,'93','81',null,null,null,null,'C');



Insert into JKRAJPOP.NOTIFICATION (SERVICECENTERID,NOTIFICATIONDATE,MESSAGE) values ('S0001',to_date('05-NOV-18','DD-MON-RR'),'5 Camshaft from D0001 delayed
by 2 business days');
Insert into JKRAJPOP.NOTIFICATION (SERVICECENTERID,NOTIFICATIONDATE,MESSAGE) values ('S0002',to_date('11-AUG-17','DD-MON-RR'),'4 Coolant from D0002 delayed by
1 business day');
Insert into JKRAJPOP.NOTIFICATION (SERVICECENTERID,NOTIFICATIONDATE,MESSAGE) values ('S0001',to_date('18-JUN-14','DD-MON-RR'),'5 Battery from D0001 delayed by 3
business days');



Insert into JKRAJPOP.ORDERS (ORDERID,PARTID,EXPECTEDDELIVERY,ACTUALDELIVERY,QUANTITY,DESTINATION,STATUS,ORDERPLACEMENT,ORIGIN) values ('1','7',to_date('13-JUN-14','DD-MON-RR'),to_date('18-JUN-14','DD-MON-RR'),5,'S0001','Complete',to_date('09-JUN-14','DD-MON-RR'),'D0001');
Insert into JKRAJPOP.ORDERS (ORDERID,PARTID,EXPECTEDDELIVERY,ACTUALDELIVERY,QUANTITY,DESTINATION,STATUS,ORDERPLACEMENT,ORIGIN) values ('2','56',to_date('21-SEP-15','DD-MON-RR'),to_date('21-SEP-15','DD-MON-RR'),5,'S0001','Complete',to_date('16-SEP-15','DD-MON-RR'),'D0002');
Insert into JKRAJPOP.ORDERS (ORDERID,PARTID,EXPECTEDDELIVERY,ACTUALDELIVERY,QUANTITY,DESTINATION,STATUS,ORDERPLACEMENT,ORIGIN) values ('3','32',to_date('11-FEB-16','DD-MON-RR'),to_date('11-FEB-16','DD-MON-RR'),5,'S0002','Complete',to_date('10-FEB-16','DD-MON-RR'),'S0001');
Insert into JKRAJPOP.ORDERS (ORDERID,PARTID,EXPECTEDDELIVERY,ACTUALDELIVERY,QUANTITY,DESTINATION,STATUS,ORDERPLACEMENT,ORIGIN) values ('4','24',to_date('10-AUG-17','DD-MON-RR'),to_date('11-AUG-17','DD-MON-RR'),4,'S0001','Complete',to_date('09-AUG-17','DD-MON-RR'),'S0002');
Insert into JKRAJPOP.ORDERS (ORDERID,PARTID,EXPECTEDDELIVERY,ACTUALDELIVERY,QUANTITY,DESTINATION,STATUS,ORDERPLACEMENT,ORIGIN) values ('5','1',to_date('05-OCT-18','DD-MON-RR'),to_date('05-OCT-18','DD-MON-RR'),6,'S0002','Complete',to_date('04-OCT-18','DD-MON-RR'),'S0001');
Insert into JKRAJPOP.ORDERS (ORDERID,PARTID,EXPECTEDDELIVERY,ACTUALDELIVERY,QUANTITY,DESTINATION,STATUS,ORDERPLACEMENT,ORIGIN) values ('6','18',to_date('01-NOV-18','DD-MON-RR'),to_date('05-NOV-18','DD-MON-RR'),5,'S0001','Complete',to_date('26-OCT-18','DD-MON-RR'),'D0001');
Insert into JKRAJPOP.ORDERS (ORDERID,PARTID,EXPECTEDDELIVERY,ACTUALDELIVERY,QUANTITY,DESTINATION,STATUS,ORDERPLACEMENT,ORIGIN) values ('7','56',to_date('14-NOV-18','DD-MON-RR'),null,7,'S0002','Pending',to_date('09-NOV-18','DD-MON-RR'),'D0002');
Insert into JKRAJPOP.ORDERS (ORDERID,PARTID,EXPECTEDDELIVERY,ACTUALDELIVERY,QUANTITY,DESTINATION,STATUS,ORDERPLACEMENT,ORIGIN) values ('8','5',to_date('14-NOV-18','DD-MON-RR'),null,12,'S0002','Pending',to_date('07-NOV-18','DD-MON-RR'),'D0001');
Insert into JKRAJPOP.ORDERS (ORDERID,PARTID,EXPECTEDDELIVERY,ACTUALDELIVERY,QUANTITY,DESTINATION,STATUS,ORDERPLACEMENT,ORIGIN) values ('9','17',to_date('14-NOV-18','DD-MON-RR'),null,6,'S0002','Pending',to_date('08-NOV-18','DD-MON-RR'),'D0001');
Insert into JKRAJPOP.ORDERS (ORDERID,PARTID,EXPECTEDDELIVERY,ACTUALDELIVERY,QUANTITY,DESTINATION,STATUS,ORDERPLACEMENT,ORIGIN) values ('10','38',to_date('14-NOV-18','DD-MON-RR'),null,5,'S0002','Pending',to_date('08-NOV-18','DD-MON-RR'),'D0001');
Insert into JKRAJPOP.ORDERS (ORDERID,PARTID,EXPECTEDDELIVERY,ACTUALDELIVERY,QUANTITY,DESTINATION,STATUS,ORDERPLACEMENT,ORIGIN) values ('11','11',to_date('14-NOV-18','DD-MON-RR'),null,5,'S0002','Pending',to_date('08-NOV-18','DD-MON-RR'),'D0002');



Insert into JKRAJPOP.PARTS (PARTID,PARTNAME,MAKE,PRICE,WARRANTY) values ('1','Air Filter','Toyota',11,null);
Insert into JKRAJPOP.PARTS (PARTID,PARTNAME,MAKE,PRICE,WARRANTY) values ('2','Air Filter','Honda',59,null);
Insert into JKRAJPOP.PARTS (PARTID,PARTNAME,MAKE,PRICE,WARRANTY) values ('3','Air Filter','Nissan',61,null);
Insert into JKRAJPOP.PARTS (PARTID,PARTNAME,MAKE,PRICE,WARRANTY) values ('4','Axel Rod','Toyota',123,2);
Insert into JKRAJPOP.PARTS (PARTID,PARTNAME,MAKE,PRICE,WARRANTY) values ('5','Axel Rod','Honda',141,2);
Insert into JKRAJPOP.PARTS (PARTID,PARTNAME,MAKE,PRICE,WARRANTY) values ('6','Axel Rod','Nissan',241,3);
Insert into JKRAJPOP.PARTS (PARTID,PARTNAME,MAKE,PRICE,WARRANTY) values ('7','Battery','Toyota',63,6);
Insert into JKRAJPOP.PARTS (PARTID,PARTNAME,MAKE,PRICE,WARRANTY) values ('8','Battery','Honda',79,3);
Insert into JKRAJPOP.PARTS (PARTID,PARTNAME,MAKE,PRICE,WARRANTY) values ('9','Battery','Nissan',14,3);
Insert into JKRAJPOP.PARTS (PARTID,PARTNAME,MAKE,PRICE,WARRANTY) values ('10','Brake Fluid','Toyota',24,null);
Insert into JKRAJPOP.PARTS (PARTID,PARTNAME,MAKE,PRICE,WARRANTY) values ('11','Brake Fluid','Honda',75,null);
Insert into JKRAJPOP.PARTS (PARTID,PARTNAME,MAKE,PRICE,WARRANTY) values ('12','Brake Fluid','Nissan',16,null);
Insert into JKRAJPOP.PARTS (PARTID,PARTNAME,MAKE,PRICE,WARRANTY) values ('13','Brake Shoes','Toyota',62,2);
Insert into JKRAJPOP.PARTS (PARTID,PARTNAME,MAKE,PRICE,WARRANTY) values ('14','Brake Shoes','Honda',41,3);
Insert into JKRAJPOP.PARTS (PARTID,PARTNAME,MAKE,PRICE,WARRANTY) values ('15','Brake Shoes','Nissan',47,1);
Insert into JKRAJPOP.PARTS (PARTID,PARTNAME,MAKE,PRICE,WARRANTY) values ('16','Camshaft','Toyota',1428,3);
Insert into JKRAJPOP.PARTS (PARTID,PARTNAME,MAKE,PRICE,WARRANTY) values ('17','Camshaft','Honda',511,2);
Insert into JKRAJPOP.PARTS (PARTID,PARTNAME,MAKE,PRICE,WARRANTY) values ('18','Camshaft','Nissan',1295,2);
Insert into JKRAJPOP.PARTS (PARTID,PARTNAME,MAKE,PRICE,WARRANTY) values ('19','Catalytic  Converter','Toyota',801,1);
Insert into JKRAJPOP.PARTS (PARTID,PARTNAME,MAKE,PRICE,WARRANTY) values ('20','Catalytic  Converter','Honda',716,2);
Insert into JKRAJPOP.PARTS (PARTID,PARTNAME,MAKE,PRICE,WARRANTY) values ('21','Catalytic  Converter','Nissan',589,1);
Insert into JKRAJPOP.PARTS (PARTID,PARTNAME,MAKE,PRICE,WARRANTY) values ('22','Coolant','Toyota',63,null);
Insert into JKRAJPOP.PARTS (PARTID,PARTNAME,MAKE,PRICE,WARRANTY) values ('23','Coolant','Honda',10,null);
Insert into JKRAJPOP.PARTS (PARTID,PARTNAME,MAKE,PRICE,WARRANTY) values ('24','Coolant','Nissan',39,null);
Insert into JKRAJPOP.PARTS (PARTID,PARTNAME,MAKE,PRICE,WARRANTY) values ('25','Drive Belt','Toyota',528,1);
Insert into JKRAJPOP.PARTS (PARTID,PARTNAME,MAKE,PRICE,WARRANTY) values ('26','Drive Belt','Honda',1443,1);
Insert into JKRAJPOP.PARTS (PARTID,PARTNAME,MAKE,PRICE,WARRANTY) values ('27','Drive Belt','Nissan',1084,3);
Insert into JKRAJPOP.PARTS (PARTID,PARTNAME,MAKE,PRICE,WARRANTY) values ('28','Engine Oil','Toyota',63,null);
Insert into JKRAJPOP.PARTS (PARTID,PARTNAME,MAKE,PRICE,WARRANTY) values ('29','Engine Oil','Honda',27,null);
Insert into JKRAJPOP.PARTS (PARTID,PARTNAME,MAKE,PRICE,WARRANTY) values ('30','Engine Oil','Nissan',14,null);
Insert into JKRAJPOP.PARTS (PARTID,PARTNAME,MAKE,PRICE,WARRANTY) values ('31','Gears','Toyota',523,1);
Insert into JKRAJPOP.PARTS (PARTID,PARTNAME,MAKE,PRICE,WARRANTY) values ('32','Gears','Honda',1344,3);
Insert into JKRAJPOP.PARTS (PARTID,PARTNAME,MAKE,PRICE,WARRANTY) values ('33','Gears','Nissan',1176,3);
Insert into JKRAJPOP.PARTS (PARTID,PARTNAME,MAKE,PRICE,WARRANTY) values ('34','Light Assembly','Toyota',617,2);
Insert into JKRAJPOP.PARTS (PARTID,PARTNAME,MAKE,PRICE,WARRANTY) values ('35','Light Assembly','Honda',1342,2);
Insert into JKRAJPOP.PARTS (PARTID,PARTNAME,MAKE,PRICE,WARRANTY) values ('36','Light Assembly','Nissan',1367,2);
Insert into JKRAJPOP.PARTS (PARTID,PARTNAME,MAKE,PRICE,WARRANTY) values ('37','Oil Filter','Toyota',36,null);
Insert into JKRAJPOP.PARTS (PARTID,PARTNAME,MAKE,PRICE,WARRANTY) values ('38','Oil Filter','Honda',42,null);
Insert into JKRAJPOP.PARTS (PARTID,PARTNAME,MAKE,PRICE,WARRANTY) values ('39','Oil Filter','Nissan',61,null);
Insert into JKRAJPOP.PARTS (PARTID,PARTNAME,MAKE,PRICE,WARRANTY) values ('40','Piston','Toyota',1256,1);
Insert into JKRAJPOP.PARTS (PARTID,PARTNAME,MAKE,PRICE,WARRANTY) values ('41','Piston','Honda',1145,1);
Insert into JKRAJPOP.PARTS (PARTID,PARTNAME,MAKE,PRICE,WARRANTY) values ('42','Piston','Nissan',1341,3);
Insert into JKRAJPOP.PARTS (PARTID,PARTNAME,MAKE,PRICE,WARRANTY) values ('43','Power Steering Fluid','Toyota',17,null);
Insert into JKRAJPOP.PARTS (PARTID,PARTNAME,MAKE,PRICE,WARRANTY) values ('44','Power Steering Fluid','Honda',24,null);
Insert into JKRAJPOP.PARTS (PARTID,PARTNAME,MAKE,PRICE,WARRANTY) values ('45','Power Steering Fluid','Nissan',20,null);
Insert into JKRAJPOP.PARTS (PARTID,PARTNAME,MAKE,PRICE,WARRANTY) values ('46','Spark Plug','Toyota',64,2);
Insert into JKRAJPOP.PARTS (PARTID,PARTNAME,MAKE,PRICE,WARRANTY) values ('47','Spark Plug','Honda',50,2);
Insert into JKRAJPOP.PARTS (PARTID,PARTNAME,MAKE,PRICE,WARRANTY) values ('48','Spark Plug','Nissan',11,1);
Insert into JKRAJPOP.PARTS (PARTID,PARTNAME,MAKE,PRICE,WARRANTY) values ('49','Suspension Fluid','Toyota',70,null);
Insert into JKRAJPOP.PARTS (PARTID,PARTNAME,MAKE,PRICE,WARRANTY) values ('50','Suspension Fluid','Honda',77,null);
Insert into JKRAJPOP.PARTS (PARTID,PARTNAME,MAKE,PRICE,WARRANTY) values ('51','Suspension Fluid','Nissan',32,null);
Insert into JKRAJPOP.PARTS (PARTID,PARTNAME,MAKE,PRICE,WARRANTY) values ('52','Valve','Toyota',1338,1);
Insert into JKRAJPOP.PARTS (PARTID,PARTNAME,MAKE,PRICE,WARRANTY) values ('53','Valve','Honda',1261,2);
Insert into JKRAJPOP.PARTS (PARTID,PARTNAME,MAKE,PRICE,WARRANTY) values ('54','Valve','Nissan',1013,1);
Insert into JKRAJPOP.PARTS (PARTID,PARTNAME,MAKE,PRICE,WARRANTY) values ('55','Wiper Fluid','Toyota',28,null);
Insert into JKRAJPOP.PARTS (PARTID,PARTNAME,MAKE,PRICE,WARRANTY) values ('56','Wiper Fluid','Honda',56,null);
Insert into JKRAJPOP.PARTS (PARTID,PARTNAME,MAKE,PRICE,WARRANTY) values ('57','Wiper Fluid','Nissan',31,null);



Insert into JKRAJPOP.PAYROLL (FREQUENCY,STARTDATE,WAGES,EMPLOYEEID) values ('1',to_date('15-AUG-16','DD-MON-RR'),11000,'950932130');
Insert into JKRAJPOP.PAYROLL (FREQUENCY,STARTDATE,WAGES,EMPLOYEEID) values ('1',to_date('04-DEC-17','DD-MON-RR'),8000,'634622236');
Insert into JKRAJPOP.PAYROLL (FREQUENCY,STARTDATE,WAGES,EMPLOYEEID) values ('2',to_date('29-JUL-18','DD-MON-RR'),30,'557279280');
Insert into JKRAJPOP.PAYROLL (FREQUENCY,STARTDATE,WAGES,EMPLOYEEID) values ('2',to_date('09-FEB-15','DD-MON-RR'),40,'183683346');
Insert into JKRAJPOP.PAYROLL (FREQUENCY,STARTDATE,WAGES,EMPLOYEEID) values ('2',to_date('01-MAY-16','DD-MON-RR'),35,'557279281');
Insert into JKRAJPOP.PAYROLL (FREQUENCY,STARTDATE,WAGES,EMPLOYEEID) values ('2',to_date('28-DEC-17','DD-MON-RR'),30,'557279282');
Insert into JKRAJPOP.PAYROLL (FREQUENCY,STARTDATE,WAGES,EMPLOYEEID) values ('2',to_date('12-APR-17','DD-MON-RR'),34,'557279283');
Insert into JKRAJPOP.PAYROLL (FREQUENCY,STARTDATE,WAGES,EMPLOYEEID) values ('1',to_date('15-APR-17','DD-MON-RR'),12000,'291056276');
Insert into JKRAJPOP.PAYROLL (FREQUENCY,STARTDATE,WAGES,EMPLOYEEID) values ('1',to_date('04-JAN-10','DD-MON-RR'),9000,'911639633');
Insert into JKRAJPOP.PAYROLL (FREQUENCY,STARTDATE,WAGES,EMPLOYEEID) values ('2',to_date('26-JAN-17','DD-MON-RR'),35,'590424694');
Insert into JKRAJPOP.PAYROLL (FREQUENCY,STARTDATE,WAGES,EMPLOYEEID) values ('2',to_date('06-JUL-16','DD-MON-RR'),40,'401671897');
Insert into JKRAJPOP.PAYROLL (FREQUENCY,STARTDATE,WAGES,EMPLOYEEID) values ('2',to_date('29-OCT-13','DD-MON-RR'),40,'310773348');
Insert into JKRAJPOP.PAYROLL (FREQUENCY,STARTDATE,WAGES,EMPLOYEEID) values ('2',to_date('13-OCT-18','DD-MON-RR'),30,'983204784');
Insert into JKRAJPOP.PAYROLL (FREQUENCY,STARTDATE,WAGES,EMPLOYEEID) values ('2',to_date('29-MAR-17','DD-MON-RR'),30,'187658163');
Insert into JKRAJPOP.PAYROLL (FREQUENCY,STARTDATE,WAGES,EMPLOYEEID) values ('2',to_date('18-JAN-17','DD-MON-RR'),16000,'123456789');



Insert into JKRAJPOP.SERVICE (SERVICEID,CHARGERATE,TIME,MAKE,MODEL,QUANTITY,PARTID,SERVICENAME) values ('74',65,1,'Toyota','Prius',4,'40','Piston Replacement');
Insert into JKRAJPOP.SERVICE (SERVICEID,CHARGERATE,TIME,MAKE,MODEL,QUANTITY,PARTID,SERVICENAME) values ('75',65,1,'Honda','Civic',4,'41','Piston Replacement');
Insert into JKRAJPOP.SERVICE (SERVICEID,CHARGERATE,TIME,MAKE,MODEL,QUANTITY,PARTID,SERVICENAME) values ('76',65,1,'Honda','Accord',4,'41','Piston Replacement');
Insert into JKRAJPOP.SERVICE (SERVICEID,CHARGERATE,TIME,MAKE,MODEL,QUANTITY,PARTID,SERVICENAME) values ('77',65,1,'Nissan','Altima',6,'42','Piston Replacement');
Insert into JKRAJPOP.SERVICE (SERVICEID,CHARGERATE,TIME,MAKE,MODEL,QUANTITY,PARTID,SERVICENAME) values ('78',65,1,'Nissan','Rogue',8,'42','Piston Replacement');
Insert into JKRAJPOP.SERVICE (SERVICEID,CHARGERATE,TIME,MAKE,MODEL,QUANTITY,PARTID,SERVICENAME) values ('79',50,0.25,'Toyota','Corolla',1,'43','Power Steering Check');
Insert into JKRAJPOP.SERVICE (SERVICEID,CHARGERATE,TIME,MAKE,MODEL,QUANTITY,PARTID,SERVICENAME) values ('80',50,0.25,'Toyota','Prius',1,'43','Power Steering Check');
Insert into JKRAJPOP.SERVICE (SERVICEID,CHARGERATE,TIME,MAKE,MODEL,QUANTITY,PARTID,SERVICENAME) values ('81',50,0.25,'Honda','Civic',1,'44','Power Steering Check');
Insert into JKRAJPOP.SERVICE (SERVICEID,CHARGERATE,TIME,MAKE,MODEL,QUANTITY,PARTID,SERVICENAME) values ('82',50,0.25,'Honda','Accord',1,'44','Power Steering Check');
Insert into JKRAJPOP.SERVICE (SERVICEID,CHARGERATE,TIME,MAKE,MODEL,QUANTITY,PARTID,SERVICENAME) values ('83',50,0.25,'Nissan','Altima',1,'45','Power Steering Check');
Insert into JKRAJPOP.SERVICE (SERVICEID,CHARGERATE,TIME,MAKE,MODEL,QUANTITY,PARTID,SERVICENAME) values ('84',50,0.25,'Nissan','Rogue',1,'45','Power Steering Check');
Insert into JKRAJPOP.SERVICE (SERVICEID,CHARGERATE,TIME,MAKE,MODEL,QUANTITY,PARTID,SERVICENAME) values ('73',65,1,'Toyota','Corolla',4,'40','Piston Replacement');
Insert into JKRAJPOP.SERVICE (SERVICEID,CHARGERATE,TIME,MAKE,MODEL,QUANTITY,PARTID,SERVICENAME) values ('61',50,0.5,'Toyota','Corolla',2,'34','Headlights Replacement');
Insert into JKRAJPOP.SERVICE (SERVICEID,CHARGERATE,TIME,MAKE,MODEL,QUANTITY,PARTID,SERVICENAME) values ('62',50,0.5,'Toyota','Prius',2,'34','Headlights Replacement');
Insert into JKRAJPOP.SERVICE (SERVICEID,CHARGERATE,TIME,MAKE,MODEL,QUANTITY,PARTID,SERVICENAME) values ('63',50,0.5,'Honda','Civic',2,'35','Headlights Replacement');
Insert into JKRAJPOP.SERVICE (SERVICEID,CHARGERATE,TIME,MAKE,MODEL,QUANTITY,PARTID,SERVICENAME) values ('64',50,0.5,'Honda','Accord',2,'35','Headlights Replacement');
Insert into JKRAJPOP.SERVICE (SERVICEID,CHARGERATE,TIME,MAKE,MODEL,QUANTITY,PARTID,SERVICENAME) values ('65',50,0.5,'Nissan','Altima',2,'36','Headlights Replacement');
Insert into JKRAJPOP.SERVICE (SERVICEID,CHARGERATE,TIME,MAKE,MODEL,QUANTITY,PARTID,SERVICENAME) values ('66',50,0.5,'Nissan','Rogue',2,'36','Headlights Replacement');
Insert into JKRAJPOP.SERVICE (SERVICEID,CHARGERATE,TIME,MAKE,MODEL,QUANTITY,PARTID,SERVICENAME) values ('67',50,0.25,'Toyota','Corolla',1,'37','Oil Filter Change');
Insert into JKRAJPOP.SERVICE (SERVICEID,CHARGERATE,TIME,MAKE,MODEL,QUANTITY,PARTID,SERVICENAME) values ('68',50,0.25,'Toyota','Prius',1,'37','Oil Filter Change');
Insert into JKRAJPOP.SERVICE (SERVICEID,CHARGERATE,TIME,MAKE,MODEL,QUANTITY,PARTID,SERVICENAME) values ('69',50,0.25,'Honda','Civic',1,'38','Oil Filter Change');
Insert into JKRAJPOP.SERVICE (SERVICEID,CHARGERATE,TIME,MAKE,MODEL,QUANTITY,PARTID,SERVICENAME) values ('70',50,0.25,'Honda','Accord',1,'38','Oil Filter Change');
Insert into JKRAJPOP.SERVICE (SERVICEID,CHARGERATE,TIME,MAKE,MODEL,QUANTITY,PARTID,SERVICENAME) values ('71',50,0.25,'Nissan','Altima',1,'39','Oil Filter Change');
Insert into JKRAJPOP.SERVICE (SERVICEID,CHARGERATE,TIME,MAKE,MODEL,QUANTITY,PARTID,SERVICENAME) values ('72',50,0.25,'Nissan','Rogue',2,'39','Oil Filter Change');
Insert into JKRAJPOP.SERVICE (SERVICEID,CHARGERATE,TIME,MAKE,MODEL,QUANTITY,PARTID,SERVICENAME) values ('85',50,0.25,'Toyota','Corolla',4,'46','Spark Plugs Replacement');
Insert into JKRAJPOP.SERVICE (SERVICEID,CHARGERATE,TIME,MAKE,MODEL,QUANTITY,PARTID,SERVICENAME) values ('86',50,0.25,'Toyota','Prius',4,'46','Spark Plugs Replacement');
Insert into JKRAJPOP.SERVICE (SERVICEID,CHARGERATE,TIME,MAKE,MODEL,QUANTITY,PARTID,SERVICENAME) values ('87',50,0.25,'Honda','Civic',4,'47','Spark Plugs Replacement');
Insert into JKRAJPOP.SERVICE (SERVICEID,CHARGERATE,TIME,MAKE,MODEL,QUANTITY,PARTID,SERVICENAME) values ('88',50,0.25,'Honda','Accord',4,'47','Spark Plugs Replacement');
Insert into JKRAJPOP.SERVICE (SERVICEID,CHARGERATE,TIME,MAKE,MODEL,QUANTITY,PARTID,SERVICENAME) values ('89',50,0.25,'Nissan','Altima',6,'48','Spark Plugs Replacement');
Insert into JKRAJPOP.SERVICE (SERVICEID,CHARGERATE,TIME,MAKE,MODEL,QUANTITY,PARTID,SERVICENAME) values ('90',50,0.25,'Nissan','Rogue',8,'48','Spark Plugs Replacement');
Insert into JKRAJPOP.SERVICE (SERVICEID,CHARGERATE,TIME,MAKE,MODEL,QUANTITY,PARTID,SERVICENAME) values ('91',50,0.25,'Toyota','Corolla',1,'49','Suspension Check');
Insert into JKRAJPOP.SERVICE (SERVICEID,CHARGERATE,TIME,MAKE,MODEL,QUANTITY,PARTID,SERVICENAME) values ('92',50,0.25,'Toyota','Prius',1,'49','Suspension Check');
Insert into JKRAJPOP.SERVICE (SERVICEID,CHARGERATE,TIME,MAKE,MODEL,QUANTITY,PARTID,SERVICENAME) values ('93',50,0.25,'Honda','Civic',1,'50','Suspension Check');
Insert into JKRAJPOP.SERVICE (SERVICEID,CHARGERATE,TIME,MAKE,MODEL,QUANTITY,PARTID,SERVICENAME) values ('94',50,0.25,'Honda','Accord',1,'50','Suspension Check');
Insert into JKRAJPOP.SERVICE (SERVICEID,CHARGERATE,TIME,MAKE,MODEL,QUANTITY,PARTID,SERVICENAME) values ('95',50,0.25,'Nissan','Altima',1,'51','Suspension Check');
Insert into JKRAJPOP.SERVICE (SERVICEID,CHARGERATE,TIME,MAKE,MODEL,QUANTITY,PARTID,SERVICENAME) values ('96',50,0.25,'Nissan','Rogue',1,'51','Suspension Check');
Insert into JKRAJPOP.SERVICE (SERVICEID,CHARGERATE,TIME,MAKE,MODEL,QUANTITY,PARTID,SERVICENAME) values ('97',50,0.5,'Toyota','Corolla',2,'34','Tail Lights Replacement');
Insert into JKRAJPOP.SERVICE (SERVICEID,CHARGERATE,TIME,MAKE,MODEL,QUANTITY,PARTID,SERVICENAME) values ('98',50,0.5,'Toyota','Prius',2,'34','Tail Lights Replacement');
Insert into JKRAJPOP.SERVICE (SERVICEID,CHARGERATE,TIME,MAKE,MODEL,QUANTITY,PARTID,SERVICENAME) values ('99',50,0.5,'Honda','Civic',2,'35','Tail Lights Replacement');
Insert into JKRAJPOP.SERVICE (SERVICEID,CHARGERATE,TIME,MAKE,MODEL,QUANTITY,PARTID,SERVICENAME) values ('100',50,0.5,'Honda','Accord',2,'35','Tail Lights Replacement');
Insert into JKRAJPOP.SERVICE (SERVICEID,CHARGERATE,TIME,MAKE,MODEL,QUANTITY,PARTID,SERVICENAME) values ('101',50,0.5,'Nissan','Altima',2,'36','Tail Lights Replacement');
Insert into JKRAJPOP.SERVICE (SERVICEID,CHARGERATE,TIME,MAKE,MODEL,QUANTITY,PARTID,SERVICENAME) values ('102',50,0.5,'Nissan','Rogue',2,'36','Tail Lights Replacement');
Insert into JKRAJPOP.SERVICE (SERVICEID,CHARGERATE,TIME,MAKE,MODEL,QUANTITY,PARTID,SERVICENAME) values ('103',50,0.5,'Toyota','Corolla',4,'34','Turn Lights Replacement');
Insert into JKRAJPOP.SERVICE (SERVICEID,CHARGERATE,TIME,MAKE,MODEL,QUANTITY,PARTID,SERVICENAME) values ('104',50,0.5,'Toyota','Prius',4,'34','Turn Lights Replacement');
Insert into JKRAJPOP.SERVICE (SERVICEID,CHARGERATE,TIME,MAKE,MODEL,QUANTITY,PARTID,SERVICENAME) values ('105',50,0.5,'Honda','Civic',4,'35','Turn Lights Replacement');
Insert into JKRAJPOP.SERVICE (SERVICEID,CHARGERATE,TIME,MAKE,MODEL,QUANTITY,PARTID,SERVICENAME) values ('106',50,0.5,'Honda','Accord',4,'35','Turn Lights Replacement');
Insert into JKRAJPOP.SERVICE (SERVICEID,CHARGERATE,TIME,MAKE,MODEL,QUANTITY,PARTID,SERVICENAME) values ('107',50,0.5,'Nissan','Altima',4,'36','Turn Lights Replacement');
Insert into JKRAJPOP.SERVICE (SERVICEID,CHARGERATE,TIME,MAKE,MODEL,QUANTITY,PARTID,SERVICENAME) values ('108',50,0.5,'Nissan','Rogue',4,'36','Turn Lights Replacement');
Insert into JKRAJPOP.SERVICE (SERVICEID,CHARGERATE,TIME,MAKE,MODEL,QUANTITY,PARTID,SERVICENAME) values ('109',65,1,'Toyota','Corolla',4,'52','Valve Replacement');
Insert into JKRAJPOP.SERVICE (SERVICEID,CHARGERATE,TIME,MAKE,MODEL,QUANTITY,PARTID,SERVICENAME) values ('110',65,1,'Toyota','Prius',4,'52','Valve Replacement');
Insert into JKRAJPOP.SERVICE (SERVICEID,CHARGERATE,TIME,MAKE,MODEL,QUANTITY,PARTID,SERVICENAME) values ('111',65,1,'Honda','Civic',4,'53','Valve Replacement');
Insert into JKRAJPOP.SERVICE (SERVICEID,CHARGERATE,TIME,MAKE,MODEL,QUANTITY,PARTID,SERVICENAME) values ('112',65,1,'Honda','Accord',4,'53','Valve Replacement');
Insert into JKRAJPOP.SERVICE (SERVICEID,CHARGERATE,TIME,MAKE,MODEL,QUANTITY,PARTID,SERVICENAME) values ('113',65,1,'Nissan','Altima',6,'54','Valve Replacement');
Insert into JKRAJPOP.SERVICE (SERVICEID,CHARGERATE,TIME,MAKE,MODEL,QUANTITY,PARTID,SERVICENAME) values ('114',65,1,'Nissan','Rogue',8,'54','Valve Replacement');
Insert into JKRAJPOP.SERVICE (SERVICEID,CHARGERATE,TIME,MAKE,MODEL,QUANTITY,PARTID,SERVICENAME) values ('115',65,1,'Toyota','Corolla',2,null,'Wheel Alignment');
Insert into JKRAJPOP.SERVICE (SERVICEID,CHARGERATE,TIME,MAKE,MODEL,QUANTITY,PARTID,SERVICENAME) values ('116',65,1,'Toyota','Prius',2,null,'Wheel Alignment');
Insert into JKRAJPOP.SERVICE (SERVICEID,CHARGERATE,TIME,MAKE,MODEL,QUANTITY,PARTID,SERVICENAME) values ('117',65,1,'Honda','Civic',2,null,'Wheel Alignment');
Insert into JKRAJPOP.SERVICE (SERVICEID,CHARGERATE,TIME,MAKE,MODEL,QUANTITY,PARTID,SERVICENAME) values ('118',65,1,'Honda','Accord',2,null,'Wheel Alignment');
Insert into JKRAJPOP.SERVICE (SERVICEID,CHARGERATE,TIME,MAKE,MODEL,QUANTITY,PARTID,SERVICENAME) values ('119',65,1,'Nissan','Altima',2,null,'Wheel Alignment');
Insert into JKRAJPOP.SERVICE (SERVICEID,CHARGERATE,TIME,MAKE,MODEL,QUANTITY,PARTID,SERVICENAME) values ('120',65,1,'Nissan','Rogue',2,null,'Wheel Alignment');
Insert into JKRAJPOP.SERVICE (SERVICEID,CHARGERATE,TIME,MAKE,MODEL,QUANTITY,PARTID,SERVICENAME) values ('121',50,0.25,'Toyota','Corolla',1,'55','Wiper Check');
Insert into JKRAJPOP.SERVICE (SERVICEID,CHARGERATE,TIME,MAKE,MODEL,QUANTITY,PARTID,SERVICENAME) values ('122',50,0.25,'Toyota','Prius',1,'55','Wiper Check');
Insert into JKRAJPOP.SERVICE (SERVICEID,CHARGERATE,TIME,MAKE,MODEL,QUANTITY,PARTID,SERVICENAME) values ('123',50,0.25,'Honda','Civic',1,'56','Wiper Check');
Insert into JKRAJPOP.SERVICE (SERVICEID,CHARGERATE,TIME,MAKE,MODEL,QUANTITY,PARTID,SERVICENAME) values ('124',50,0.25,'Honda','Accord',1,'56','Wiper Check');
Insert into JKRAJPOP.SERVICE (SERVICEID,CHARGERATE,TIME,MAKE,MODEL,QUANTITY,PARTID,SERVICENAME) values ('125',50,0.25,'Nissan','Altima',1,'57','Wiper Check');
Insert into JKRAJPOP.SERVICE (SERVICEID,CHARGERATE,TIME,MAKE,MODEL,QUANTITY,PARTID,SERVICENAME) values ('126',50,0.25,'Nissan','Rogue',1,'57','Wiper Check');
Insert into JKRAJPOP.SERVICE (SERVICEID,CHARGERATE,TIME,MAKE,MODEL,QUANTITY,PARTID,SERVICENAME) values ('1',50,0.25,'Toyota','Corolla',1,'1','Air Filter Change');
Insert into JKRAJPOP.SERVICE (SERVICEID,CHARGERATE,TIME,MAKE,MODEL,QUANTITY,PARTID,SERVICENAME) values ('2',50,0.25,'Toyota','Prius',1,'1','Air Filter Change');
Insert into JKRAJPOP.SERVICE (SERVICEID,CHARGERATE,TIME,MAKE,MODEL,QUANTITY,PARTID,SERVICENAME) values ('3',50,0.25,'Honda','Civic',1,'2','Air Filter Change');
Insert into JKRAJPOP.SERVICE (SERVICEID,CHARGERATE,TIME,MAKE,MODEL,QUANTITY,PARTID,SERVICENAME) values ('4',50,0.25,'Honda','Accord',2,'2','Air Filter Change');
Insert into JKRAJPOP.SERVICE (SERVICEID,CHARGERATE,TIME,MAKE,MODEL,QUANTITY,PARTID,SERVICENAME) values ('5',50,0.25,'Nissan','Altima',1,'3','Air Filter Change');
Insert into JKRAJPOP.SERVICE (SERVICEID,CHARGERATE,TIME,MAKE,MODEL,QUANTITY,PARTID,SERVICENAME) values ('6',50,0.25,'Nissan','Rogue',3,'3','Air Filter Change');
Insert into JKRAJPOP.SERVICE (SERVICEID,CHARGERATE,TIME,MAKE,MODEL,QUANTITY,PARTID,SERVICENAME) values ('7',50,0.25,'Toyota','Corolla',1,'7','Battery Replacement');
Insert into JKRAJPOP.SERVICE (SERVICEID,CHARGERATE,TIME,MAKE,MODEL,QUANTITY,PARTID,SERVICENAME) values ('8',50,0.25,'Toyota','Prius',1,'7','Battery Replacement');
Insert into JKRAJPOP.SERVICE (SERVICEID,CHARGERATE,TIME,MAKE,MODEL,QUANTITY,PARTID,SERVICENAME) values ('9',50,0.25,'Honda','Civic',1,'8','Battery Replacement');
Insert into JKRAJPOP.SERVICE (SERVICEID,CHARGERATE,TIME,MAKE,MODEL,QUANTITY,PARTID,SERVICENAME) values ('10',50,0.25,'Honda','Accord',1,'8','Battery Replacement');
Insert into JKRAJPOP.SERVICE (SERVICEID,CHARGERATE,TIME,MAKE,MODEL,QUANTITY,PARTID,SERVICENAME) values ('11',50,0.25,'Nissan','Altima',1,'9','Battery Replacement');
Insert into JKRAJPOP.SERVICE (SERVICEID,CHARGERATE,TIME,MAKE,MODEL,QUANTITY,PARTID,SERVICENAME) values ('12',50,0.25,'Nissan','Rogue',2,'9','Battery Replacement');
Insert into JKRAJPOP.SERVICE (SERVICEID,CHARGERATE,TIME,MAKE,MODEL,QUANTITY,PARTID,SERVICENAME) values ('13',50,0.25,'Toyota','Corolla',1,'10','Brake Check');
Insert into JKRAJPOP.SERVICE (SERVICEID,CHARGERATE,TIME,MAKE,MODEL,QUANTITY,PARTID,SERVICENAME) values ('14',50,0.25,'Toyota','Prius',1,'10','Brake Check');
Insert into JKRAJPOP.SERVICE (SERVICEID,CHARGERATE,TIME,MAKE,MODEL,QUANTITY,PARTID,SERVICENAME) values ('15',50,0.25,'Honda','Civic',1,'11','Brake Check');
Insert into JKRAJPOP.SERVICE (SERVICEID,CHARGERATE,TIME,MAKE,MODEL,QUANTITY,PARTID,SERVICENAME) values ('16',50,0.25,'Honda','Accord',1,'11','Brake Check');
Insert into JKRAJPOP.SERVICE (SERVICEID,CHARGERATE,TIME,MAKE,MODEL,QUANTITY,PARTID,SERVICENAME) values ('17',50,0.25,'Nissan','Altima',1,'12','Brake Check');
Insert into JKRAJPOP.SERVICE (SERVICEID,CHARGERATE,TIME,MAKE,MODEL,QUANTITY,PARTID,SERVICENAME) values ('18',50,0.25,'Nissan','Rogue',2,'12','Brake Check');
Insert into JKRAJPOP.SERVICE (SERVICEID,CHARGERATE,TIME,MAKE,MODEL,QUANTITY,PARTID,SERVICENAME) values ('19',50,0.5,'Toyota','Corolla',4,'13','Brake Repair');
Insert into JKRAJPOP.SERVICE (SERVICEID,CHARGERATE,TIME,MAKE,MODEL,QUANTITY,PARTID,SERVICENAME) values ('20',50,0.5,'Toyota','Prius',4,'13','Brake Repair');
Insert into JKRAJPOP.SERVICE (SERVICEID,CHARGERATE,TIME,MAKE,MODEL,QUANTITY,PARTID,SERVICENAME) values ('21',50,0.5,'Honda','Civic',4,'14','Brake Repair');
Insert into JKRAJPOP.SERVICE (SERVICEID,CHARGERATE,TIME,MAKE,MODEL,QUANTITY,PARTID,SERVICENAME) values ('22',50,0.5,'Honda','Accord',4,'14','Brake Repair');
Insert into JKRAJPOP.SERVICE (SERVICEID,CHARGERATE,TIME,MAKE,MODEL,QUANTITY,PARTID,SERVICENAME) values ('23',50,0.5,'Nissan','Altima',4,'15','Brake Repair');
Insert into JKRAJPOP.SERVICE (SERVICEID,CHARGERATE,TIME,MAKE,MODEL,QUANTITY,PARTID,SERVICENAME) values ('24',50,0.5,'Nissan','Rogue',4,'15','Brake Repair');
Insert into JKRAJPOP.SERVICE (SERVICEID,CHARGERATE,TIME,MAKE,MODEL,QUANTITY,PARTID,SERVICENAME) values ('25',65,1,'Toyota','Corolla',1,'16','Camshaft Replacement');
Insert into JKRAJPOP.SERVICE (SERVICEID,CHARGERATE,TIME,MAKE,MODEL,QUANTITY,PARTID,SERVICENAME) values ('26',65,1,'Toyota','Prius',1,'16','Camshaft Replacement');
Insert into JKRAJPOP.SERVICE (SERVICEID,CHARGERATE,TIME,MAKE,MODEL,QUANTITY,PARTID,SERVICENAME) values ('27',65,1,'Honda','Civic',1,'17','Camshaft Replacement');
Insert into JKRAJPOP.SERVICE (SERVICEID,CHARGERATE,TIME,MAKE,MODEL,QUANTITY,PARTID,SERVICENAME) values ('28',65,1,'Honda','Accord',1,'17','Camshaft Replacement');
Insert into JKRAJPOP.SERVICE (SERVICEID,CHARGERATE,TIME,MAKE,MODEL,QUANTITY,PARTID,SERVICENAME) values ('29',65,1,'Nissan','Altima',1,'18','Camshaft Replacement');
Insert into JKRAJPOP.SERVICE (SERVICEID,CHARGERATE,TIME,MAKE,MODEL,QUANTITY,PARTID,SERVICENAME) values ('30',65,1,'Nissan','Rogue',2,'18','Camshaft Replacement');
Insert into JKRAJPOP.SERVICE (SERVICEID,CHARGERATE,TIME,MAKE,MODEL,QUANTITY,PARTID,SERVICENAME) values ('31',65,1,'Toyota','Corolla',1,'19','Catalytic Converter Replacement');
Insert into JKRAJPOP.SERVICE (SERVICEID,CHARGERATE,TIME,MAKE,MODEL,QUANTITY,PARTID,SERVICENAME) values ('32',65,1,'Toyota','Prius',1,'19','Catalytic Converter Replacement');
Insert into JKRAJPOP.SERVICE (SERVICEID,CHARGERATE,TIME,MAKE,MODEL,QUANTITY,PARTID,SERVICENAME) values ('33',65,1,'Honda','Civic',1,'20','Catalytic Converter Replacement');
Insert into JKRAJPOP.SERVICE (SERVICEID,CHARGERATE,TIME,MAKE,MODEL,QUANTITY,PARTID,SERVICENAME) values ('34',65,1,'Honda','Accord',1,'20','Catalytic Converter Replacement');
Insert into JKRAJPOP.SERVICE (SERVICEID,CHARGERATE,TIME,MAKE,MODEL,QUANTITY,PARTID,SERVICENAME) values ('35',65,1,'Nissan','Altima',1,'21','Catalytic Converter Replacement');
Insert into JKRAJPOP.SERVICE (SERVICEID,CHARGERATE,TIME,MAKE,MODEL,QUANTITY,PARTID,SERVICENAME) values ('36',65,1,'Nissan','Rogue',1,'21','Catalytic Converter Replacement');
Insert into JKRAJPOP.SERVICE (SERVICEID,CHARGERATE,TIME,MAKE,MODEL,QUANTITY,PARTID,SERVICENAME) values ('37',50,0.25,'Toyota','Corolla',1,'22','Coolant Recycle');
Insert into JKRAJPOP.SERVICE (SERVICEID,CHARGERATE,TIME,MAKE,MODEL,QUANTITY,PARTID,SERVICENAME) values ('38',50,0.25,'Toyota','Prius',1,'22','Coolant Recycle');
Insert into JKRAJPOP.SERVICE (SERVICEID,CHARGERATE,TIME,MAKE,MODEL,QUANTITY,PARTID,SERVICENAME) values ('39',50,0.25,'Honda','Civic',1,'23','Coolant Recycle');
Insert into JKRAJPOP.SERVICE (SERVICEID,CHARGERATE,TIME,MAKE,MODEL,QUANTITY,PARTID,SERVICENAME) values ('40',50,0.25,'Honda','Accord',1,'23','Coolant Recycle');
Insert into JKRAJPOP.SERVICE (SERVICEID,CHARGERATE,TIME,MAKE,MODEL,QUANTITY,PARTID,SERVICENAME) values ('41',50,0.25,'Nissan','Altima',2,'24','Coolant Recycle');
Insert into JKRAJPOP.SERVICE (SERVICEID,CHARGERATE,TIME,MAKE,MODEL,QUANTITY,PARTID,SERVICENAME) values ('42',50,0.25,'Nissan','Rogue',2,'24','Coolant Recycle');
Insert into JKRAJPOP.SERVICE (SERVICEID,CHARGERATE,TIME,MAKE,MODEL,QUANTITY,PARTID,SERVICENAME) values ('43',65,1,'Toyota','Corolla',1,'25','Drive Belt Replacement');
Insert into JKRAJPOP.SERVICE (SERVICEID,CHARGERATE,TIME,MAKE,MODEL,QUANTITY,PARTID,SERVICENAME) values ('44',65,1,'Toyota','Prius',1,'25','Drive Belt Replacement');
Insert into JKRAJPOP.SERVICE (SERVICEID,CHARGERATE,TIME,MAKE,MODEL,QUANTITY,PARTID,SERVICENAME) values ('45',65,1,'Honda','Civic',1,'26','Drive Belt Replacement');
Insert into JKRAJPOP.SERVICE (SERVICEID,CHARGERATE,TIME,MAKE,MODEL,QUANTITY,PARTID,SERVICENAME) values ('46',65,1,'Honda','Accord',1,'26','Drive Belt Replacement');
Insert into JKRAJPOP.SERVICE (SERVICEID,CHARGERATE,TIME,MAKE,MODEL,QUANTITY,PARTID,SERVICENAME) values ('47',65,1,'Nissan','Altima',1,'27','Drive Belt Replacement');
Insert into JKRAJPOP.SERVICE (SERVICEID,CHARGERATE,TIME,MAKE,MODEL,QUANTITY,PARTID,SERVICENAME) values ('48',65,1,'Nissan','Rogue',1,'27','Drive Belt Replacement');
Insert into JKRAJPOP.SERVICE (SERVICEID,CHARGERATE,TIME,MAKE,MODEL,QUANTITY,PARTID,SERVICENAME) values ('49',50,0.25,'Toyota','Corolla',1,'28','Engine Oil Change');
Insert into JKRAJPOP.SERVICE (SERVICEID,CHARGERATE,TIME,MAKE,MODEL,QUANTITY,PARTID,SERVICENAME) values ('50',50,0.25,'Toyota','Prius',1,'28','Engine Oil Change');
Insert into JKRAJPOP.SERVICE (SERVICEID,CHARGERATE,TIME,MAKE,MODEL,QUANTITY,PARTID,SERVICENAME) values ('51',50,0.25,'Honda','Civic',1,'29','Engine Oil Change');
Insert into JKRAJPOP.SERVICE (SERVICEID,CHARGERATE,TIME,MAKE,MODEL,QUANTITY,PARTID,SERVICENAME) values ('52',50,0.25,'Honda','Accord',1,'29','Engine Oil Change');
Insert into JKRAJPOP.SERVICE (SERVICEID,CHARGERATE,TIME,MAKE,MODEL,QUANTITY,PARTID,SERVICENAME) values ('53',50,0.25,'Nissan','Altima',2,'30','Engine Oil Change');
Insert into JKRAJPOP.SERVICE (SERVICEID,CHARGERATE,TIME,MAKE,MODEL,QUANTITY,PARTID,SERVICENAME) values ('54',50,0.25,'Nissan','Rogue',3,'30','Engine Oil Change');
Insert into JKRAJPOP.SERVICE (SERVICEID,CHARGERATE,TIME,MAKE,MODEL,QUANTITY,PARTID,SERVICENAME) values ('55',65,1,'Toyota','Corolla',6,'31','Gearbox Repair');
Insert into JKRAJPOP.SERVICE (SERVICEID,CHARGERATE,TIME,MAKE,MODEL,QUANTITY,PARTID,SERVICENAME) values ('56',65,1,'Toyota','Prius',6,'31','Gearbox Repair');
Insert into JKRAJPOP.SERVICE (SERVICEID,CHARGERATE,TIME,MAKE,MODEL,QUANTITY,PARTID,SERVICENAME) values ('57',65,1,'Honda','Civic',12,'32','Gearbox Repair');
Insert into JKRAJPOP.SERVICE (SERVICEID,CHARGERATE,TIME,MAKE,MODEL,QUANTITY,PARTID,SERVICENAME) values ('58',65,1,'Honda','Accord',7,'32','Gearbox Repair');
Insert into JKRAJPOP.SERVICE (SERVICEID,CHARGERATE,TIME,MAKE,MODEL,QUANTITY,PARTID,SERVICENAME) values ('59',65,1,'Nissan','Altima',7,'33','Gearbox Repair');
Insert into JKRAJPOP.SERVICE (SERVICEID,CHARGERATE,TIME,MAKE,MODEL,QUANTITY,PARTID,SERVICENAME) values ('60',65,1,'Nissan','Rogue',9,'33','Gearbox Repair');



Insert into JKRAJPOP.SERVICECENTER (ADDRESS,SERVICECENTERID,NAME,TELNO) values ('437 Fayetteville St., Raleigh, NC 27601','S0001','Downtown Auto Care',18008999999);
Insert into JKRAJPOP.SERVICECENTER (ADDRESS,SERVICECENTERID,NAME,TELNO) values ('201 N Tryon St, Charlotte, NC 28202','S0002','Express Auto Shop',17043331555);



Insert into JKRAJPOP.SERVICEHISTORY (CUSTOMERID,LICENSEPLATE,SERVICEDATE,TYPEOFSERVICE,STARTTIME,ENDTIME,MECHANICNAME,SENDDATE,SERVICEHISTORY,DIAGNOSIS) values ('1001','AHS-3132',to_date('28-JAN-18','DD-MON-RR'),'A','12:00','17:00','Peter Fitzpatrick',to_date('28-JAN-18','DD-MON-RR'),6,null);
Insert into JKRAJPOP.SERVICEHISTORY (CUSTOMERID,LICENSEPLATE,SERVICEDATE,TYPEOFSERVICE,STARTTIME,ENDTIME,MECHANICNAME,SENDDATE,SERVICEHISTORY,DIAGNOSIS) values ('1002','IRM-1212',to_date('11-FEB-18','DD-MON-RR'),'A','08:30','17:00','Eric Fowler',to_date('11-FEB-18','DD-MON-RR'),7,null);
Insert into JKRAJPOP.SERVICEHISTORY (CUSTOMERID,LICENSEPLATE,SERVICEDATE,TYPEOFSERVICE,STARTTIME,ENDTIME,MECHANICNAME,SENDDATE,SERVICEHISTORY,DIAGNOSIS) values ('1002','IRM-1212',to_date('10-DEC-17','DD-MON-RR'),'C','09:30','17:00','Eric Fowler',to_date('10-DEC-17','DD-MON-RR'),8,null);
Insert into JKRAJPOP.SERVICEHISTORY (CUSTOMERID,LICENSEPLATE,SERVICEDATE,TYPEOFSERVICE,STARTTIME,ENDTIME,MECHANICNAME,SENDDATE,SERVICEHISTORY,DIAGNOSIS) values ('1002','IRM-1212',to_date('20-JAN-17','DD-MON-RR'),'B','10:00','17:00','Eric Fowler',to_date('20-JAN-17','DD-MON-RR'),9,null);
Insert into JKRAJPOP.SERVICEHISTORY (CUSTOMERID,LICENSEPLATE,SERVICEDATE,TYPEOFSERVICE,STARTTIME,ENDTIME,MECHANICNAME,SENDDATE,SERVICEHISTORY,DIAGNOSIS) values ('1003','DEL-8888',to_date('11-FEB-18','DD-MON-RR'),'A','08:30','17:00','Rickie Henderson',to_date('11-FEB-18','DD-MON-RR'),10,null);
Insert into JKRAJPOP.SERVICEHISTORY (CUSTOMERID,LICENSEPLATE,SERVICEDATE,TYPEOFSERVICE,STARTTIME,ENDTIME,MECHANICNAME,SENDDATE,SERVICEHISTORY,DIAGNOSIS) values ('1003','DEL-8888',to_date('05-NOV-16','DD-MON-RR'),'Repair','09:00','17:00','Charles Pudilo',to_date('05-NOV-16','DD-MON-RR'),11,'DG036');
Insert into JKRAJPOP.SERVICEHISTORY (CUSTOMERID,LICENSEPLATE,SERVICEDATE,TYPEOFSERVICE,STARTTIME,ENDTIME,MECHANICNAME,SENDDATE,SERVICEHISTORY,DIAGNOSIS) values ('1004','P11-212A',to_date('01-SEP-17','DD-MON-RR'),'B','09:00','17:00','Dustin Esparza',to_date('01-SEP-17','DD-MON-RR'),12,null);
Insert into JKRAJPOP.SERVICEHISTORY (CUSTOMERID,LICENSEPLATE,SERVICEDATE,TYPEOFSERVICE,STARTTIME,ENDTIME,MECHANICNAME,SENDDATE,SERVICEHISTORY,DIAGNOSIS) values ('1004','P11-212A',to_date('15-JUN-14','DD-MON-RR'),'A','08:30','17:00','James Rivera',to_date('15-JUN-14','DD-MON-RR'),13,null);
Insert into JKRAJPOP.SERVICEHISTORY (CUSTOMERID,LICENSEPLATE,SERVICEDATE,TYPEOFSERVICE,STARTTIME,ENDTIME,MECHANICNAME,SENDDATE,SERVICEHISTORY,DIAGNOSIS) values ('1004','WIM-BLE5',to_date('11-NOV-16','DD-MON-RR'),'A','08:30','17:00','James Rivera',to_date('11-NOV-16','DD-MON-RR'),14,null);
Insert into JKRAJPOP.SERVICEHISTORY (CUSTOMERID,LICENSEPLATE,SERVICEDATE,TYPEOFSERVICE,STARTTIME,ENDTIME,MECHANICNAME,SENDDATE,SERVICEHISTORY,DIAGNOSIS) values ('1004','WIM-BLE5',to_date('02-JAN-16','DD-MON-RR'),'Repair','14:00','17:00','Charles Pudilo',to_date('02-JAN-16','DD-MON-RR'),15,'DG026');
Insert into JKRAJPOP.SERVICEHISTORY (CUSTOMERID,LICENSEPLATE,SERVICEDATE,TYPEOFSERVICE,STARTTIME,ENDTIME,MECHANICNAME,SENDDATE,SERVICEHISTORY,DIAGNOSIS) values ('1004','WIM-BLE5',to_date('30-SEP-15','DD-MON-RR'),'Repair','11:00','17:00','Charles Pudilo',to_date('30-SEP-15','DD-MON-RR'),16,'DG002');
Insert into JKRAJPOP.SERVICEHISTORY (CUSTOMERID,LICENSEPLATE,SERVICEDATE,TYPEOFSERVICE,STARTTIME,ENDTIME,MECHANICNAME,SENDDATE,SERVICEHISTORY,DIAGNOSIS) values ('1001','XYZ-5643',to_date('10-SEP-18','DD-MON-RR'),'C','10:00','17:00','Jacob Gloss',to_date('10-SEP-18','DD-MON-RR'),1,null);
Insert into JKRAJPOP.SERVICEHISTORY (CUSTOMERID,LICENSEPLATE,SERVICEDATE,TYPEOFSERVICE,STARTTIME,ENDTIME,MECHANICNAME,SENDDATE,SERVICEHISTORY,DIAGNOSIS) values ('1001','XYZ-5643',to_date('25-FEB-18','DD-MON-RR'),'B','09:00','17:00','Eric Fowler',to_date('25-FEB-18','DD-MON-RR'),2,null);
Insert into JKRAJPOP.SERVICEHISTORY (CUSTOMERID,LICENSEPLATE,SERVICEDATE,TYPEOFSERVICE,STARTTIME,ENDTIME,MECHANICNAME,SENDDATE,SERVICEHISTORY,DIAGNOSIS) values ('1001','XYZ-5643',to_date('15-OCT-17','DD-MON-RR'),'A','08:00','17:00','Anthony Freeman',to_date('15-OCT-17','DD-MON-RR'),3,null);
Insert into JKRAJPOP.SERVICEHISTORY (CUSTOMERID,LICENSEPLATE,SERVICEDATE,TYPEOFSERVICE,STARTTIME,ENDTIME,MECHANICNAME,SENDDATE,SERVICEHISTORY,DIAGNOSIS) values ('1001','AHS-3132',to_date('06-AUG-18','DD-MON-RR'),'Repair','08:00','17:00','Roland Richmond',to_date('06-AUG-18','DD-MON-RR'),4,'DG014');
Insert into JKRAJPOP.SERVICEHISTORY (CUSTOMERID,LICENSEPLATE,SERVICEDATE,TYPEOFSERVICE,STARTTIME,ENDTIME,MECHANICNAME,SENDDATE,SERVICEHISTORY,DIAGNOSIS) values ('1001','AHS-3132',to_date('15-MAY-18','DD-MON-RR'),'B','10:30','17:00','Peter Fitzpatrick',to_date('15-MAY-18','DD-MON-RR'),5,null);



Insert into JKRAJPOP.TIMESLOT (SERVICECENTERID,DAY,T8#8_30,T8_30#9,T9#9_30,T9_30#10,T10#10_30,T10_30#11,T11#11_30,T11_30#12,T12#12_30,T12_30#1,T1#1_30,T1_30#2,T2#2_30,T2_30#3,T3#3_30,T3_30#4,T4#4_30,T4_30#5,T5#5_30,T5_30#6,T6#6_30,T6_30#7) values ('S0001','0',0,0,0,0,0,0,0,0,0,0,0,0,0,0,0,0,0,0,0,0,0,0);
Insert into JKRAJPOP.TIMESLOT (SERVICECENTERID,DAY,T8#8_30,T8_30#9,T9#9_30,T9_30#10,T10#10_30,T10_30#11,T11#11_30,T11_30#12,T12#12_30,T12_30#1,T1#1_30,T1_30#2,T2#2_30,T2_30#3,T3#3_30,T3_30#4,T4#4_30,T4_30#5,T5#5_30,T5_30#6,T6#6_30,T6_30#7) values ('S0001','0',0,0,0,0,0,0,0,0,0,0,0,0,0,0,0,0,0,0,0,0,0,0);
Insert into JKRAJPOP.TIMESLOT (SERVICECENTERID,DAY,T8#8_30,T8_30#9,T9#9_30,T9_30#10,T10#10_30,T10_30#11,T11#11_30,T11_30#12,T12#12_30,T12_30#1,T1#1_30,T1_30#2,T2#2_30,T2_30#3,T3#3_30,T3_30#4,T4#4_30,T4_30#5,T5#5_30,T5_30#6,T6#6_30,T6_30#7) values ('S0001','0',0,0,0,0,0,0,0,0,0,0,0,0,0,0,0,0,0,0,0,0,0,0);
Insert into JKRAJPOP.TIMESLOT (SERVICECENTERID,DAY,T8#8_30,T8_30#9,T9#9_30,T9_30#10,T10#10_30,T10_30#11,T11#11_30,T11_30#12,T12#12_30,T12_30#1,T1#1_30,T1_30#2,T2#2_30,T2_30#3,T3#3_30,T3_30#4,T4#4_30,T4_30#5,T5#5_30,T5_30#6,T6#6_30,T6_30#7) values ('S0002','0',0,0,0,0,0,0,0,0,0,0,0,0,0,0,0,0,0,0,0,0,0,0);
Insert into JKRAJPOP.TIMESLOT (SERVICECENTERID,DAY,T8#8_30,T8_30#9,T9#9_30,T9_30#10,T10#10_30,T10_30#11,T11#11_30,T11_30#12,T12#12_30,T12_30#1,T1#1_30,T1_30#2,T2#2_30,T2_30#3,T3#3_30,T3_30#4,T4#4_30,T4_30#5,T5#5_30,T5_30#6,T6#6_30,T6_30#7) values ('S0002','0',0,0,0,0,0,0,0,0,0,0,0,0,0,0,0,0,0,0,0,0,0,0);
Insert into JKRAJPOP.TIMESLOT (SERVICECENTERID,DAY,T8#8_30,T8_30#9,T9#9_30,T9_30#10,T10#10_30,T10_30#11,T11#11_30,T11_30#12,T12#12_30,T12_30#1,T1#1_30,T1_30#2,T2#2_30,T2_30#3,T3#3_30,T3_30#4,T4#4_30,T4_30#5,T5#5_30,T5_30#6,T6#6_30,T6_30#7) values ('S0002','0',0,0,0,0,0,0,0,0,0,0,0,0,0,0,0,0,0,0,0,0,0,0);



